,order_id,order_location_x,order_location_y,has_all_available_products,percentage_availability_of_products,total_weight_of_order,warehouse_location_x,warehouse_location_y,distance_order_from_warehouse,classifier
0,0,340,371,0,0.08333333333333333,419.0,234,599,251.4358765172544,-1
1,1,163,320,0,0.1,45.0,234,599,287.89234098878006,-1
2,2,201,331,0,0.19999999999999998,88.0,234,599,270.0240730009086,-1
3,3,257,290,0,0.19484126984126984,702.0,234,599,309.8548047069788,-1
4,4,115,512,0,0.2105654761904762,508.0,234,599,147.41099009232656,-1
5,5,154,147,0,0.08653846153846154,362.0,234,599,459.0250537824706,-1
6,6,188,326,0,0.0707070707070707,255.0,234,599,276.8483339303309,-1
7,7,210,180,0,0.05238095238095238,590.0,234,599,419.68678797407955,-1
8,8,92,216,0,0.13888888888888887,169.0,234,599,408.47643750894616,-1
9,9,135,190,0,0.1733333333333333,216.0,234,599,420.8111215260357,-1
10,10,254,201,0,0.048611111111111105,367.0,234,599,398.5021957279533,-1
11,11,198,328,1,1.0,22.0,234,599,273.3806869550225,1
12,12,193,254,0,0.10386870513452791,867.0,234,599,347.4276903184316,-1
13,13,259,211,0,0.04700061842918985,409.0,234,599,388.8045781623462,-1
14,14,211,211,0,0.10265567765567765,1085.0,234,599,388.6811032195931,-1
15,15,298,230,0,0.2043154761904762,493.0,234,599,374.50901190759083,-1
16,16,265,417,0,0.13186756364343855,1179.0,234,599,184.6212338816963,-1
17,17,241,301,0,0.13194444444444445,437.0,234,599,298.08220342717544,-1
18,18,252,200,0,0.07142857142857142,78.0,234,599,399.4058086708304,-1
19,19,143,286,0,0.15476190476190474,306.0,234,599,325.96012026013244,-1
20,20,264,236,0,0.24212962962962967,974.0,234,599,364.23755984247424,-1
21,21,56,257,0,0.19281914893617022,228.0,234,599,385.5489592775475,-1
22,22,180,348,0,0.1316137566137566,742.0,234,599,256.7430622236948,-1
23,23,299,391,0,0.08849483849483851,738.0,234,599,217.91970998512272,-1
24,24,273,402,0,0.09696969696969697,146.0,234,599,200.8233054204616,-1
25,25,123,358,0,0.09361200620599118,354.0,234,599,265.3337520934719,-1
26,26,293,238,0,0.3333333333333333,181.0,234,599,365.78955698598065,-1
27,27,252,275,0,0.14968133718133717,875.0,234,599,324.49961479175903,-1
28,28,91,246,0,0.03888888888888889,537.0,234,599,380.8648054100037,-1
29,29,203,228,0,0.041666666666666664,325.0,234,599,372.29289544658246,-1
30,30,228,120,0,0.0,132.0,234,599,479.0375768141785,-1
31,31,134,204,0,0.1111111111111111,149.0,234,599,407.4616546375867,-1
32,32,125,215,0,0.10535714285714284,217.0,234,599,399.17038968340324,-1
33,33,230,335,0,0.12976190476190477,1065.0,234,599,264.030301291348,-1
34,34,145,415,0,0.12380437023294165,984.0,234,599,204.39422692434343,-1
35,35,112,397,0,0.16666666666666666,143.0,234,599,235.98305023878305,-1
36,36,107,382,0,0.21101190476190476,513.0,234,599,251.43189932862538,-1
37,37,232,214,0,0.02990620490620491,1131.0,234,599,385.00519477014853,-1
38,38,273,229,0,0.02631578947368421,103.0,234,599,372.0497278590592,-1
39,39,227,250,0,0.0747737556561086,954.0,234,599,349.07019351414124,-1
40,40,357,359,0,0.1181818181818182,412.0,234,599,269.6831474156292,-1
41,41,189,225,0,0.3039772727272727,207.0,234,599,376.6974913640918,-1
42,42,262,427,0,0.10993589743589742,493.0,234,599,174.26416728633572,-1
43,43,109,272,0,0.18055555555555555,109.0,234,599,350.0771343575584,-1
44,44,243,306,0,0.03298611111111111,141.0,234,599,293.1381926668717,-1
45,45,194,232,0,0.1773003472222222,635.0,234,599,369.173400992,-1
46,46,48,289,0,0.05555555555555555,114.0,234,599,361.51901748040865,-1
47,47,10,162,0,0.11904761904761903,338.0,234,599,491.06516879127156,-1
48,48,90,473,0,0.3636363636363636,279.0,234,599,191.34262462922368,-1
49,49,242,225,0,0.1111111111111111,214.0,234,599,374.08555171243916,-1
50,50,107,353,0,0.3333333333333333,143.0,234,599,276.8483339303309,-1
51,51,115,366,0,0.16666666666666666,236.0,234,599,261.6295090390226,-1
52,52,236,404,0,0.06944444444444445,785.0,234,599,195.0102561405425,-1
53,53,168,150,0,0.06190476190476191,290.0,234,599,453.82485608437094,-1
54,54,230,135,0,0.09998359793594343,1141.0,234,599,464.0172410589934,-1
55,55,143,394,0,0.2694444444444445,695.0,234,599,224.28999086004708,-1
56,56,275,343,0,0.0724025974025974,1118.0,234,599,259.26241532470533,-1
57,57,109,382,0,0.22424242424242424,773.0,234,599,250.42763425788297,-1
58,58,274,336,0,0.13707482993197279,828.0,234,599,266.02443496791795,-1
59,59,168,287,0,0.08306008806008805,996.0,234,599,318.90437438203946,-1
60,60,185,338,0,0.1269047619047619,261.0,234,599,265.55978611228016,-1
61,61,105,254,0,0.1111111111111111,907.0,234,599,368.32865758721516,-1
62,62,237,243,0,0.09624503968253968,454.0,234,599,356.0126402250347,-1
63,63,221,395,0,0.1749242424242424,768.0,234,599,204.41379601191306,-1
64,64,269,258,0,0.08979591836734693,411.0,234,599,342.79148180781857,-1
65,65,244,405,0,0.05357142857142857,335.0,234,599,194.25756098540927,-1
66,66,147,363,0,0.23333333333333334,330.0,234,599,251.52534663528445,-1
67,67,293,131,0,0.27904040404040403,459.0,234,599,471.70435656245536,-1
68,68,295,304,0,0.13095238095238093,471.0,234,599,301.24076749337894,-1
69,69,216,127,0,0.17045454545454544,749.0,234,599,472.34309564129336,-1
70,70,223,394,0,0.041666666666666664,343.0,234,599,205.29490982486632,-1
71,71,283,280,0,0.2625,654.0,234,599,322.7413825340655,-1
72,72,126,275,0,0.06508264462809918,989.0,234,599,341.525987298185,-1
73,73,192,257,0,0.08213884880551547,1047.0,234,599,344.5692963686695,-1
74,74,228,384,0,0.15858585858585858,390.0,234,599,215.08370463612533,-1
75,75,267,233,0,0.0,346.0,234,599,367.484693558793,-1
76,76,194,323,0,0.14285714285714285,534.0,234,599,278.8834882168537,-1
77,77,75,294,0,0.36587301587301585,570.0,234,599,343.95639258487404,-1
78,78,268,281,0,0.11552028218694883,391.0,234,599,319.81244503614926,-1
79,79,178,316,0,0.1,49.0,234,599,288.4874347350331,-1
80,80,262,245,0,0.12583333333333332,351.0,234,599,355.10561809129405,-1
81,81,255,211,0,0.09000000000000001,136.0,234,599,388.5678833871889,-1
82,82,388,237,0,0.0,16.0,234,599,393.3954753171419,-1
83,83,136,260,0,0.21222222222222223,242.0,234,599,352.8809997718778,-1
84,84,120,272,0,0.041666666666666664,258.0,234,599,346.30189141845585,-1
85,85,180,171,0,0.09821428571428571,231.0,234,599,431.3930922024598,-1
86,86,284,142,0,0.08333333333333333,206.0,234,599,459.72709295842026,-1
87,87,274,348,0,0.0,261.0,234,599,254.16726775885206,-1
88,88,158,195,0,0.19189814814814818,670.0,234,599,411.08636562162945,-1
89,89,235,422,0,0.041666666666666664,325.0,234,599,177.00282483621552,-1
90,90,232,154,0,0.5,162.0,234,599,445.00449435932666,-1
91,91,216,247,0,0.06666666666666667,446.0,234,599,352.4599268001967,-1
92,92,244,477,0,0.09166666666666666,269.0,234,599,122.40914998479485,-1
93,93,259,273,0,0.11363636363636363,657.0,234,599,326.95718374123544,-1
94,94,257,192,0,0.10214424951267055,747.0,234,599,407.64935913110423,-1
95,95,190,261,0,0.05291005291005291,647.0,234,599,340.8518739863403,-1
96,96,187,351,0,0.33805875207773944,644.0,234,599,252.41434190631878,-1
97,97,180,308,0,0.2467171717171717,582.0,234,599,295.96790366524544,-1
98,98,260,513,0,0.1619047619047619,348.0,234,599,89.8443097808648,-1
99,99,126,342,0,0.13,1151.0,234,599,278.7705149401565,-1
100,100,259,354,0,0.2962962962962963,478.0,234,599,246.272207120495,-1
101,101,113,341,0,0.1161816578483245,700.0,234,599,284.96491012052695,-1
102,102,199,270,0,0.18484848484848485,811.0,234,599,330.8564643467013,-1
103,103,198,360,0,0.08113587801087802,1125.0,234,599,241.69609016283238,-1
104,104,193,238,0,0.019810267857142856,585.0,234,599,363.3207948906861,-1
105,105,169,278,0,0.24633237133237132,835.0,234,599,327.5148851579116,-1
106,106,214,214,0,0.33035714285714285,531.0,234,599,385.5191305240247,-1
107,107,318,388,0,0.13373851294903927,912.0,234,599,227.1057022621845,-1
108,108,270,321,0,0.15357142857142855,772.0,234,599,280.3212442894758,-1
109,109,270,359,0,0.08273809523809524,899.0,234,599,242.6849809938802,-1
110,110,163,260,0,0.14616402116402116,710.0,234,599,346.35530889535966,-1
111,111,124,366,0,0.1765625,650.0,234,599,257.6606295109907,-1
112,112,234,221,0,0.10875661375661376,968.0,234,599,378.0,-1
113,113,95,533,0,0.16666666666666666,459.0,234,599,153.87332452377834,-1
114,114,255,259,0,0.15853174603174602,767.0,234,599,340.64791207344865,-1
115,115,94,476,0,0.10891203703703704,222.0,234,599,186.3571839237758,-1
116,116,193,243,0,0.21428571428571427,280.0,234,599,358.35317774508434,-1
117,117,209,171,0,0.11616161616161615,385.0,234,599,428.72951846123215,-1
118,118,289,284,0,0.11458333333333333,187.0,234,599,319.7655391063896,-1
119,119,186,390,0,0.10964075606932751,929.0,234,599,214.44113411377026,-1
120,120,169,133,0,0.06666666666666667,251.0,234,599,470.5114238783156,-1
121,121,102,277,0,0.0625,124.0,234,599,348.0057470789814,-1
122,122,173,242,0,0.17185999185999185,1150.0,234,599,362.17399133565624,-1
123,123,284,416,0,0.20222222222222222,330.0,234,599,189.70766985021982,-1
124,124,183,245,0,0.09485884485884484,485.0,234,599,357.6548615634911,-1
125,125,321,485,0,0.1051933251933252,1128.0,234,599,143.40502083260543,-1
126,126,280,349,0,0.08333333333333333,125.0,234,599,254.19677417308034,-1
127,127,90,380,0,0.05,116.0,234,599,262.1011255221923,-1
128,128,142,298,0,0.24839821083172145,496.0,234,599,314.74592928265173,-1
129,129,149,249,0,0.10303030303030303,488.0,234,599,360.17356926904006,-1
130,130,175,375,0,0.125,332.0,234,599,231.639806596362,-1
131,131,211,242,0,0.1111111111111111,256.0,234,599,357.7401291440478,-1
132,132,196,301,0,0.15432098765432098,556.0,234,599,300.4130489842277,-1
133,133,108,206,0,0.08428571428571427,768.0,234,599,412.70449476592813,-1
134,134,220,386,0,0.2419047619047619,324.0,234,599,213.45959805077868,-1
135,135,208,299,0,0.18218253968253967,864.0,234,599,301.12455894529757,-1
136,136,220,215,0,0.008928571428571428,515.0,234,599,384.2551235832777,-1
137,137,276,131,0,0.17333333333333334,408.0,234,599,469.88083595737334,-1
138,138,301,354,0,0.14285714285714285,563.0,234,599,253.99606296161363,-1
139,139,153,353,0,0.09415584415584415,805.0,234,599,258.9922778771599,-1
140,140,99,183,0,0.06432748538011696,205.0,234,599,437.3568337181894,-1
141,141,155,131,0,0.0625,286.0,234,599,474.6209013518052,-1
142,142,189,234,0,0.17727272727272728,853.0,234,599,367.76351096866586,-1
143,143,220,249,0,0.03571428571428571,222.0,234,599,350.2798880895105,-1
144,144,226,269,0,0.29166666666666663,88.0,234,599,330.0969554539999,-1
145,145,237,268,0,0.3,237.0,234,599,331.0135948869774,-1
146,146,183,363,0,0.18333333333333335,61.0,234,599,241.4477169078225,-1
147,147,146,204,0,0.2916666666666667,356.0,234,599,404.6838272034107,-1
148,148,149,275,0,0.05999598151496884,521.0,234,599,334.96417718914364,-1
149,149,267,225,0,0.029166666666666664,797.0,234,599,375.4530596492723,-1
150,150,221,398,0,0.17599206349206348,263.0,234,599,201.41995928904365,-1
151,151,188,195,0,0.2600793650793651,1026.0,234,599,406.6103786181558,-1
152,152,202,417,0,0.07142857142857142,44.0,234,599,184.79177470872452,-1
153,153,158,186,0,0.021616541353383457,408.0,234,599,419.934518705,-1
154,154,216,307,0,0.05555555555555555,231.0,234,599,292.55426846997125,-1
155,155,171,95,0,0.10277777777777777,843.0,234,599,507.9222381428086,-1
156,156,181,346,0,0.3169642857142857,165.0,234,599,258.4917793663853,-1
157,157,239,94,0,0.14629629629629629,547.0,234,599,505.0247518686584,-1
158,158,245,226,0,0.1597222222222222,381.0,234,599,373.1621631409058,-1
159,159,233,328,0,0.09772727272727272,600.0,234,599,271.0018450121696,-1
160,160,123,116,0,0.1,399.0,234,599,495.59055681076086,-1
161,161,128,423,0,0.0,212.0,234,599,205.4555913086816,-1
162,162,121,489,0,0.075,421.0,234,599,157.69908052997647,-1
163,163,141,300,0,0.06666666666666667,502.0,234,599,313.12936623702353,-1
164,164,276,329,0,0.12040816326530611,396.0,234,599,273.2471408816568,-1
165,165,253,398,0,0.09583333333333333,632.0,234,599,201.89601283829256,-1
166,166,253,390,0,0.07384259259259258,664.0,234,599,209.86185932655795,-1
167,167,185,345,1,1.0,80.0,234,599,258.68320393871727,1
168,168,209,352,0,0.028138528138528136,365.0,234,599,248.26195842295292,-1
169,169,239,224,0,0.11080246913580248,1096.0,234,599,375.0333318519835,-1
170,170,277,440,0,0.228968253968254,1086.0,234,599,164.7118696390761,-1
171,171,187,314,0,0.125,188.0,234,599,288.84944175123485,-1
172,172,139,374,0,0.08571428571428572,468.0,234,599,244.23349483639626,-1
173,173,213,398,0,0.1800705467372134,514.0,234,599,202.09403751719148,-1
174,174,65,355,0,0.16486291486291485,388.0,234,599,296.8113879216901,-1
175,175,163,197,0,0.28125,349.0,234,599,408.2217534625023,-1
176,176,3,83,0,0.09027777777777776,742.0,234,599,565.3467962233447,-1
177,177,255,256,0,0.5,126.0,234,599,343.64225584174017,-1
178,178,161,437,0,0.01597222222222222,628.0,234,599,177.6879286839711,-1
179,179,313,110,0,0.41904761904761906,113.0,234,599,495.3402870754609,-1
180,180,209,164,0,0.0,117.0,234,599,435.71779858068686,-1
181,181,119,239,0,0.21203703703703705,602.0,234,599,377.9219496139381,-1
182,182,222,528,0,0.10530303030303031,634.0,234,599,72.00694410957877,-1
183,183,263,430,0,0.09906949590493892,666.0,234,599,171.47011401407536,-1
184,184,229,214,0,0.062407407407407404,413.0,234,599,385.0324661635691,-1
185,185,266,338,0,0.16666666666666666,354.0,234,599,262.9543686649834,-1
186,186,221,278,0,0.07262426900584794,675.0,234,599,321.26313202731495,-1
187,187,179,211,0,0.09166666666666667,414.0,234,599,391.8788077964921,-1
188,188,250,414,0,0.2335034013605442,502.0,234,599,185.6906028855526,-1
189,189,115,270,0,0.11875,451.0,234,599,349.85997198879437,-1
190,190,251,211,0,0.04824735449735449,859.0,234,599,388.3722441163889,-1
191,191,95,352,0,0.08131313131313131,755.0,234,599,283.425475213503,-1
192,192,138,87,0,0.16252260397830018,370.0,234,599,520.9222590751906,-1
193,193,115,189,0,0.05555555555555555,154.0,234,599,426.9203672817684,-1
194,194,225,258,0,0.047619047619047616,93.0,234,599,341.11874765248535,-1
195,195,285,131,0,0.12462722462722464,1208.0,234,599,470.7706447942565,-1
196,196,192,148,0,0.06688311688311689,448.0,234,599,452.9514322750288,-1
197,197,395,185,0,0.08333333333333333,353.0,234,599,444.2037820640432,-1
198,198,117,165,0,0.10190972222222222,957.0,234,599,449.4941601400401,-1
199,199,163,266,0,0.17638458892328862,1287.0,234,599,340.4849482723135,-1
200,200,289,390,0,0.11065554511278196,1024.0,234,599,216.1157097482735,-1
201,201,111,477,0,0.09333333333333334,595.0,234,599,173.24260445975753,-1
202,202,265,302,0,0.13125,525.0,234,599,298.6134625230417,-1
203,203,281,226,0,0.1,173.0,234,599,375.9494646890723,-1
204,204,253,235,0,0.11077441077441076,660.0,234,599,364.49554181087046,-1
205,205,216,209,0,0.03679653679653679,394.0,234,599,390.41516363993856,-1
206,206,115,361,0,0.041666666666666664,214.0,234,599,266.092089322475,-1
207,207,265,354,0,0.4107142857142857,533.0,234,599,246.9534369066363,1
208,208,180,232,0,0.1,339.0,234,599,370.95147930693037,-1
209,209,271,341,0,0.10317460317460318,207.0,234,599,260.63959791251983,-1
210,210,261,227,0,0.10146103896103897,522.0,234,599,372.9785516621566,-1
211,211,351,353,0,0.3125,340.0,234,599,272.40594707164524,-1
212,212,265,264,0,0.21428571428571427,135.0,234,599,336.4312708414603,-1
213,213,172,438,0,0.08008658008658008,294.0,234,599,172.52536045462998,-1
214,214,141,55,0,0.10972222222222223,736.0,234,599,551.8921996187299,-1
215,215,113,208,0,0.199769733812287,769.0,234,599,409.29451498890137,-1
216,216,135,311,0,0.10948581560283688,536.0,234,599,304.54063768239536,-1
217,217,275,391,0,0.052813852813852806,643.0,234,599,212.00235847744713,-1
218,218,125,274,0,0.0625,127.0,234,599,342.79148180781857,-1
219,219,197,149,0,0.12948717948717947,849.0,234,599,451.51854889915654,-1
220,220,116,389,0,0.4071428571428572,194.0,234,599,240.88171371027732,1
221,221,335,211,0,0.10974323062558357,903.0,234,599,400.930168483241,-1
222,222,187,242,0,0.19857142857142857,637.0,234,599,360.0805465447974,-1
223,223,143,259,0,0.0625,226.0,234,599,351.96732802917944,-1
224,224,245,215,0,0.08888888888888888,329.0,234,599,384.15751977541714,-1
225,225,93,432,0,0.09196428571428572,404.0,234,599,218.56349191939628,-1
226,226,212,165,0,0.15910165484633568,299.0,234,599,434.5572459411993,-1
227,227,122,421,0,0.5714285714285714,87.0,234,599,210.304541082688,1
228,228,184,156,0,0.1036019536019536,826.0,234,599,445.81274095745624,-1
229,229,118,256,0,0.24743589743589745,819.0,234,599,362.0842443410097,-1
230,230,309,284,0,0.17475579975579975,921.0,234,599,323.80549717384355,-1
231,231,118,259,0,0.13514996907854052,1051.0,234,599,359.2436499090833,-1
232,232,371,208,0,0.22685185185185186,554.0,234,599,414.30664971733194,-1
233,233,249,333,0,0.0794665404040404,1304.0,234,599,266.42259663924904,-1
234,234,280,247,0,0.35714285714285715,673.0,234,599,354.9929576766277,-1
235,235,143,311,0,0.08333333333333333,255.0,234,599,302.03476621077914,-1
236,236,259,250,0,0.08641975308641975,727.0,234,599,349.89426974444723,-1
237,237,187,12,0,0.25,154.0,234,599,588.8785952978764,-1
238,238,284,110,0,0.03125,267.0,234,599,491.54959058064526,-1
239,239,258,370,0,0.12037037037037036,266.0,234,599,230.25420734483876,-1
240,240,133,538,0,0.0,108.0,234,599,117.99152511939153,-1
241,241,170,166,0,0.0536525974025974,206.0,234,599,437.70423804208247,-1
242,242,359,257,0,0.125,227.0,234,599,364.12772484390695,-1
243,243,183,182,0,0.0031645569620253164,276.0,234,599,420.1071291944473,-1
244,244,275,353,0,0.005159574468085106,558.0,234,599,249.39326374222702,-1
245,245,99,504,0,0.16666666666666666,163.0,234,599,165.07574019219177,-1
246,246,113,216,0,0.07717086834733894,1024.0,234,599,401.6590594023742,-1
247,247,183,463,0,0.23645833333333335,518.0,234,599,145.24806367039804,-1
248,248,147,302,0,0.09036281179138321,479.0,234,599,309.48020938341114,-1
249,249,254,168,0,0.29545454545454547,493.0,234,599,431.4637875882517,-1
250,250,261,232,0,0.13794091710758377,1240.0,234,599,367.99184773578884,-1
251,251,150,153,0,0.23263888888888887,818.0,234,599,453.8413819827363,-1
252,252,353,418,0,0.09408689060587797,672.0,234,599,216.61486560252507,-1
253,253,224,412,0,0.07772817460317459,519.0,234,599,187.2671887971836,-1
254,254,257,276,0,0.08256410256410257,357.0,234,599,323.81785003300854,-1
255,255,37,159,0,0.12685185185185185,474.0,234,599,482.0881662102898,-1
256,256,236,396,0,0.08058608058608058,264.0,234,599,203.0098519776811,-1
257,257,167,277,0,0.25,87.0,234,599,328.89664029904594,-1
258,258,276,345,0,0.07601485984464708,556.0,234,599,257.4490240804964,-1
259,259,253,213,0,0.26857142857142857,418.0,234,599,386.46733367776375,-1
260,260,169,250,0,0.0,54.0,234,599,355.00140844791025,-1
261,261,258,478,0,0.07738095238095238,218.0,234,599,123.35720489699821,-1
262,262,241,131,0,0.06878676878676879,380.0,234,599,468.05234749972146,-1
263,263,204,381,0,0.2644444444444445,389.0,234,599,220.0545386943882,-1
264,264,192,331,0,0.15143043960008246,890.0,234,599,271.27108213003464,-1
265,265,283,329,0,0.1164021164021164,742.0,234,599,274.4102767754881,-1
266,266,278,364,0,0.041666666666666664,548.0,234,599,239.08366736354034,-1
267,267,168,255,0,0.47857142857142854,347.0,234,599,350.2741783232101,-1
268,268,191,408,0,0.15269179894179896,619.0,234,599,195.78048932414077,-1
269,269,108,427,0,0.0905400155400155,875.0,234,599,213.21350801485352,-1
270,270,301,164,0,0.12157287157287157,1386.0,234,599,440.12952638967545,-1
271,271,299,89,0,0.08921957671957671,727.0,234,599,514.1254710671316,-1
272,272,270,248,0,0.12937538651824365,802.0,234,599,352.8413241104279,-1
273,273,266,241,0,0.078125,227.0,234,599,359.42732227809284,-1
274,274,252,206,0,0.0,133.0,234,599,393.41199778349414,-1
275,275,231,161,0,0.14285714285714285,63.0,234,599,438.01027385210955,-1
276,276,217,150,0,0.08333333333333333,291.0,234,599,449.32171102674306,-1
277,277,20,377,0,0.12070707070707071,1190.0,234,599,308.3504499753487,-1
278,278,154,170,0,0.14916666666666667,387.0,234,599,436.3954628545077,-1
279,279,103,379,0,0.08472222222222223,563.0,234,599,256.0488234692751,-1
280,280,323,319,0,0.24166666666666667,410.0,234,599,293.8043566729398,-1
281,281,263,220,0,0.18682282629651054,983.0,234,599,380.1078794237236,-1
282,282,346,373,0,0.09999999999999999,700.0,234,599,252.23005372080465,-1
283,283,131,275,0,0.15,261.0,234,599,339.9779404608481,-1
284,284,256,17,0,0.15424242424242424,1148.0,234,599,582.4156591301439,-1
285,285,152,417,0,0.10666666666666666,333.0,234,599,199.61963831246663,-1
286,286,146,455,0,0.15833333333333333,106.0,234,599,168.7601848778319,-1
287,287,190,237,0,0.25,150.0,234,599,364.66422912043345,-1
288,288,172,448,0,0.11706349206349206,519.0,234,599,163.23296235748464,-1
289,289,188,379,0,0.08063492063492063,1172.0,234,599,224.75764725588314,-1
290,290,160,154,0,0.08344097132523895,342.0,234,599,451.1108511219831,-1
291,291,380,259,0,0.2583333333333333,523.0,234,599,370.0216209899092,-1
292,292,106,256,0,0.17824074074074073,463.0,234,599,366.1051761447795,-1
293,293,212,166,0,0.05786435786435786,380.0,234,599,433.5585312273304,-1
294,294,260,122,0,0.1125,317.0,234,599,477.7080698501963,-1
295,295,171,282,0,0.24537037037037035,827.0,234,599,323.199628712658,-1
296,296,227,299,0,0.051388888888888894,365.0,234,599,300.08165555395084,-1
297,297,241,313,0,0.0,118.0,234,599,286.08565151017274,-1
298,298,274,226,0,0.12301587301587302,768.0,234,599,375.1386410382167,-1
299,299,249,212,0,0.04857142857142857,410.0,234,599,387.29058857658805,-1
300,300,229,222,0,0.18125,599.0,234,599,377.0331550407736,-1
301,301,201,358,0,0.11369047619047618,345.0,234,599,243.24884377936928,-1
302,302,137,292,0,0.0,143.0,234,599,321.95962479789296,-1
303,303,167,399,0,0.2,105.0,234,599,210.92415698539605,-1
304,304,252,223,0,0.1651154401154401,887.0,234,599,376.4306044943742,-1
305,305,104,223,0,0.07142857142857142,108.0,234,599,397.8391634819277,-1
306,306,274,354,0,0.005319148936170213,261.0,234,599,248.2438317461282,-1
307,307,197,337,0,0.07884615384615386,860.0,234,599,264.5996976566678,-1
308,308,130,256,0,0.06177489177489177,565.0,234,599,358.42014452315595,-1
309,309,215,404,0,0.09722222222222221,189.0,234,599,195.92345444075858,-1
310,310,117,357,0,0.02,303.0,234,599,268.799181546373,-1
311,311,157,232,0,0.10624098124098125,459.0,234,599,374.99066655051564,-1
312,312,199,85,0,0.0875,253.0,234,599,515.190256119038,-1
313,313,185,183,0,0.13333333333333333,263.0,234,599,418.87587660308157,-1
314,314,119,364,0,0.028739778739778742,800.0,234,599,261.6295090390226,-1
315,315,109,268,0,0.25,135.0,234,599,353.8163365363448,-1
316,316,185,410,0,0.020833333333333332,557.0,234,599,195.24855953373896,-1
317,317,123,75,0,0.13333333333333333,273.0,234,599,535.6276691882151,-1
318,318,107,374,0,0.0,121.0,234,599,258.36795466930494,-1
319,319,313,121,0,0.1732142857142857,462.0,234,599,484.48426187029025,-1
320,320,274,370,0,0.1445490163844594,441.0,234,599,232.46720198772127,-1
321,321,190,397,0,0.06696428571428571,246.0,234,599,206.73654732533385,-1
322,322,127,298,0,0.18281328152052634,521.0,234,599,319.4526568992658,-1
323,323,237,225,0,0.14166666666666666,208.0,234,599,374.0120318920235,-1
324,324,265,225,0,0.28125,229.0,234,599,375.28256021296806,-1
325,325,120,365,0,0.0,44.0,234,599,260.2921435618063,-1
326,326,281,240,0,0.08214285714285714,362.0,234,599,362.0635303368733,-1
327,327,168,421,0,0.16666666666666666,198.0,234,599,189.84203960134857,-1
328,328,163,423,0,0.10535714285714284,246.0,234,599,189.7814532561072,-1
329,329,275,272,0,0.14817460317460315,758.0,234,599,329.56031314465037,-1
330,330,313,279,0,0.13611111111111113,688.0,234,599,329.607342151233,-1
331,331,269,364,0,0.34523809523809523,284.0,234,599,237.59208741033444,-1
332,332,184,390,0,0.13522727272727272,301.0,234,599,214.89765005695153,-1
333,333,256,196,0,0.1111111111111111,475.0,234,599,403.6000495540108,-1
334,334,369,224,0,0.09783272283272283,812.0,234,599,398.55990766759265,-1
335,335,4,481,0,0.0944399794610765,529.0,234,599,258.5033848907979,-1
336,336,192,341,0,0.14198717948717948,908.0,234,599,261.3962509295036,-1
337,337,289,291,0,0.10217560217560218,931.0,234,599,312.8721783732136,-1
338,338,202,143,0,0.22453703703703706,407.0,234,599,457.1214280691729,-1
339,339,159,149,0,0.126953125,420.0,234,599,456.20718977236646,-1
340,340,333,449,0,0.04404761904761905,550.0,234,599,179.7247896090019,-1
341,341,70,295,0,0.08888888888888889,517.0,234,599,345.4156915949245,-1
342,342,188,165,0,0.16944444444444443,292.0,234,599,436.4309796519949,-1
343,343,127,164,0,0.07730053438123059,497.0,234,599,447.9665166058731,-1
344,344,188,327,0,0.24313446969696967,699.0,234,599,275.86228448267445,-1
345,345,118,129,0,0.1964285714285714,267.0,234,599,484.10329476259506,-1
346,346,114,265,0,0.12333333333333334,221.0,234,599,354.902803595576,-1
347,347,17,487,0,0.06666666666666667,424.0,234,599,244.1986895951737,-1
348,348,181,265,0,0.19050824702723435,560.0,234,599,338.178946713127,-1
349,349,199,221,0,0.12222222222222223,202.0,234,599,379.61691216277495,-1
350,350,70,233,0,0.21915140415140416,954.0,234,599,401.0635859810761,-1
351,351,263,145,0,0.22386363636363635,359.0,234,599,454.92526858814955,-1
352,352,225,277,0,0.0,147.0,234,599,322.1257518423512,-1
353,353,269,195,0,0.26857142857142857,273.0,234,599,405.51325502380314,-1
354,354,143,525,0,0.3357142857142857,208.0,234,599,117.29023829799307,-1
355,355,256,282,0,0.1388888888888889,699.0,234,599,317.7624899197512,-1
356,356,195,400,0,0.13640873015873017,193.0,234,599,202.7856010667424,-1
357,357,241,451,0,0.10902777777777778,212.0,234,599,148.16544806398016,-1
358,358,329,153,0,0.05367965367965368,223.0,234,599,456.00548242318314,-1
359,359,215,128,0,0.08333333333333333,220.0,234,599,471.3830713973509,-1
360,360,354,431,0,0.129004329004329,523.0,234,599,206.45580640902304,-1
361,361,158,271,0,0.08375759261835211,752.0,234,599,336.68976818430343,-1
362,362,182,376,0,0.21088789682539683,1091.0,234,599,228.98253208487324,-1
363,363,208,350,0,0.2,62.0,234,599,250.353749722268,-1
364,364,155,367,0,0.14943568336425478,914.0,234,599,245.08161905781512,-1
365,365,138,500,0,0.1,362.0,234,599,137.90213921473443,-1
366,366,135,357,0,0.16818181818181815,483.0,234,599,261.4670151281037,-1
367,367,274,403,0,0.04857142857142857,341.0,234,599,200.0399960007998,-1
368,368,271,233,0,0.13945578231292516,578.0,234,599,367.8654645383282,-1
369,369,307,160,0,0.29166666666666663,167.0,234,599,445.0280890011326,-1
370,370,254,85,0,0.15709617180205418,1320.0,234,599,514.3889578908163,-1
371,371,69,349,0,0.5,258.0,234,599,299.5413160150032,1
372,372,226,214,0,0.006944444444444444,272.0,234,599,385.0831079130841,-1
373,373,226,217,0,0.07196969696969698,1142.0,234,599,382.0837604505065,-1
374,374,125,374,0,0.12333333333333334,250.0,234,599,250.01199971201382,-1
375,375,232,271,0,0.09895833333333333,586.0,234,599,328.0060975042995,-1
376,376,50,352,0,0.0909280303030303,1298.0,234,599,308.00162337234525,-1
377,377,257,215,0,0.07738095238095238,83.0,234,599,384.68818541774846,-1
378,378,164,424,0,0.0925925925925926,191.0,234,599,188.48076824970764,-1
379,379,309,400,0,0.0,180.0,234,599,212.66405432042342,-1
380,380,143,449,0,0.07222222222222222,407.0,234,599,175.44514812328097,-1
381,381,257,221,0,0.07142857142857142,84.0,234,599,378.6990889875496,-1
382,382,195,316,0,0.14927248677248675,408.0,234,599,285.674640106538,-1
383,383,160,53,0,0.1238095238095238,485.0,234,599,550.9918329703263,-1
384,384,105,271,0,0.11527777777777778,229.0,234,599,352.4556709715422,-1
385,385,175,312,0,0.04966596343178622,713.0,234,599,293.00170647967224,-1
386,386,199,197,0,0.14206349206349206,1082.0,234,599,403.52075535218756,-1
387,387,227,106,0,0.1111111111111111,175.0,234,599,493.0496932358847,-1
388,388,290,393,0,0.10223796671165089,862.0,234,599,213.4759939665348,-1
389,389,190,254,0,0.08784722222222222,275.0,234,599,347.7944795421572,-1
390,390,104,168,0,0.1,176.0,234,599,450.17885334608957,-1
391,391,297,412,0,0.002531645569620253,255.0,234,599,197.327139542436,-1
392,392,191,191,0,0.0,146.0,234,599,410.25967386522404,-1
393,393,251,110,0,0.26326530612244897,321.0,234,599,489.29541179128177,-1
394,394,177,244,0,0.09623015873015872,620.0,234,599,359.54693713060607,-1
395,395,294,473,0,0.1761904761904762,980.0,234,599,139.5564401953561,-1
396,396,326,409,0,0.11190476190476191,376.0,234,599,211.10187114282053,-1
397,397,251,366,0,0.12033730158730159,848.0,234,599,233.6193485137736,-1
398,398,176,263,0,0.039653679653679656,393.0,234,599,340.96920682079195,-1
399,399,93,232,0,0.04908353278884036,546.0,234,599,393.15391388106514,-1
400,400,278,236,0,0.06845238095238095,194.0,234,599,365.65694304908254,-1
401,401,261,330,0,0.20123456790123456,526.0,234,599,270.3516228913746,-1
402,402,206,148,0,0.0692007797270955,320.0,234,599,451.8683436577517,-1
403,403,209,247,0,0.18094037091899334,1024.0,234,599,352.88666735936624,-1
404,404,241,191,0,0.02857142857142857,304.0,234,599,408.0600446012817,-1
405,405,299,457,0,0.1636904761904762,485.0,234,599,156.16977940690063,-1
406,406,199,351,0,0.03571428571428571,309.0,234,599,250.45758123881976,-1
407,407,195,264,0,0.24810405643738978,532.0,234,599,337.262509034135,-1
408,408,302,222,0,0.12242424242424244,949.0,234,599,383.08354180256816,-1
409,409,134,193,0,0.25,54.0,234,599,418.1339498294775,-1
410,410,195,328,0,0.057334332334332334,839.0,234,599,273.7918917718346,-1
411,411,247,229,0,0.15357142857142855,231.0,234,599,370.22830793984406,-1
412,412,113,318,0,0.13968253968253969,774.0,234,599,305.9444394003591,-1
413,413,158,177,0,0.07544871794871795,603.0,234,599,428.78899239602686,-1
414,414,278,176,0,0.15692640692640694,1057.0,234,599,425.28225921145594,-1
415,415,172,307,0,0.1219135802469136,399.0,234,599,298.50963133540597,-1
416,416,266,366,0,0.09964726631393298,615.0,234,599,235.1871595134394,-1
417,417,219,220,0,0.07916666666666666,512.0,234,599,379.2967176235513,-1
418,418,259,185,0,0.08162393162393163,1096.0,234,599,414.75414404198546,-1
419,419,142,50,0,0.03869047619047619,418.0,234,599,556.6551895024423,-1
420,420,257,226,0,0.11076388888888888,1243.0,234,599,373.7084425056517,-1
421,421,327,497,0,0.09283424908424909,810.0,234,599,138.03260484392808,-1
422,422,230,328,0,0.2586544011544012,770.0,234,599,271.02951868754076,-1
423,423,66,482,0,0.018518518518518517,446.0,234,599,204.7266470198738,-1
424,424,168,144,0,0.17252747252747253,1002.0,234,599,459.76189489778295,-1
425,425,169,187,0,0.2,108.0,234,599,417.0959122312277,-1
426,426,208,106,0,0.15919913419913417,699.0,234,599,493.6851223198852,-1
427,427,240,104,0,0.17932900432900434,562.0,234,599,495.036362300791,-1
428,428,275,193,0,0.08333333333333333,257.0,234,599,408.06494581132546,-1
429,429,202,159,0,0.14734848484848484,793.0,234,599,441.1621017267916,-1
430,430,243,211,0,0.19212962962962962,573.0,234,599,388.1043674065006,-1
431,431,95,130,0,0.10793650793650793,1054.0,234,599,489.1645939763016,-1
432,432,205,339,0,0.2263888888888889,472.0,234,599,261.6123085789352,-1
433,433,269,332,0,0.017857142857142856,368.0,234,599,269.2842364491468,-1
434,434,274,371,0,0.09015873015873015,263.0,234,599,231.4821807396846,-1
435,435,259,350,0,0.0919642857142857,664.0,234,599,250.25187311986298,-1
436,436,182,236,0,0.1842488406983088,961.0,234,599,366.705603993176,-1
437,437,139,148,0,0.18796296296296297,582.0,234,599,460.89695160632164,-1
438,438,276,256,0,0.13194444444444445,775.0,234,599,345.56186132152953,-1
439,439,114,263,0,0.13333333333333333,347.0,234,599,356.78564993564413,-1
440,440,221,424,0,0.3299319727891156,455.0,234,599,175.4821928287882,-1
441,441,134,277,0,0.16507936507936505,968.0,234,599,337.1705799739948,-1
442,442,295,205,0,0.11564625850340136,450.0,234,599,398.6941183413671,-1
443,443,158,275,0,0.10515873015873016,464.0,234,599,332.79423071922383,-1
444,444,192,396,0,0.09419831223628691,355.0,234,599,207.29930052945187,-1
445,445,188,260,0,0.19,186.0,234,599,342.1067084989711,-1
446,446,265,259,0,0.025,308.0,234,599,341.4103103305464,-1
447,447,160,339,0,0.10185185185185185,1237.0,234,599,270.325729445053,-1
448,448,126,236,0,0.023809523809523808,204.0,234,599,378.7254942567242,-1
449,449,228,290,0,0.08703703703703704,680.0,234,599,309.0582469373694,-1
450,450,243,223,0,0.1814517296280214,817.0,234,599,376.10769734213096,-1
451,451,182,354,0,0.21298059964726632,538.0,234,599,250.45758123881976,-1
452,452,130,206,0,0.03125,277.0,234,599,406.52798181675024,-1
453,453,143,226,0,0.12380952380952381,260.0,234,599,383.94009949469984,-1
454,454,212,134,0,0.10512820512820513,803.0,234,599,465.5201391991543,-1
455,455,125,273,0,0.07500000000000001,188.0,234,599,343.7397271192261,-1
456,456,217,213,0,0.2747953216374269,1132.0,234,599,386.3741709793759,-1
457,457,149,297,0,0.10197146234380278,508.0,234,599,313.73396373360663,-1
458,458,207,331,0,0.13636363636363635,769.0,234,599,269.3566409056959,-1
459,459,87,326,0,0.05555555555555555,138.0,234,599,310.0612842649014,-1
460,460,245,369,0,0.09259629259629258,403.0,234,599,230.2628932329306,-1
461,461,171,353,0,0.08465608465608465,140.0,234,599,253.9389690457138,-1
462,462,102,248,0,0.1326530612244898,278.0,234,599,375.0,-1
463,463,185,268,0,0.6666666666666666,130.0,234,599,334.6072324382723,-1
464,464,185,227,0,0.16666666666666666,8.0,234,599,375.2132726863483,-1
465,465,285,218,0,0.35,171.0,234,599,384.3982310052948,-1
466,466,274,228,0,0.2333333333333333,366.0,234,599,373.150103845624,-1
467,467,266,352,0,0.09166666666666666,730.0,234,599,249.06424873915566,-1
468,468,164,376,0,0.08333333333333333,389.0,234,599,233.72847494475295,-1
469,469,201,369,0,0.02,451.0,234,599,232.35533133543547,-1
470,470,92,296,0,0.17363247863247863,975.0,234,599,334.6236692166291,-1
471,471,234,228,0,0.2111111111111111,439.0,234,599,371.0,-1
472,472,172,370,0,0.14145299145299145,1049.0,234,599,237.24459951703852,-1
473,473,244,231,0,0.17592592592592593,244.0,234,599,368.13584449222003,-1
474,474,173,66,0,0.12222222222222223,298.0,234,599,536.4792633457513,-1
475,475,115,170,0,0.1093073593073593,912.0,234,599,445.19883198409224,-1
476,476,283,228,0,0.1176190476190476,742.0,234,599,374.22185932946246,-1
477,477,239,216,0,0.2333829365079365,351.0,234,599,383.03263568526376,-1
478,478,267,226,0,0.16319444444444445,807.0,234,599,374.4569401146145,-1
479,479,231,257,0,0.0,231.0,234,599,342.01315764163223,-1
480,480,272,259,0,0.1130952380952381,467.0,234,599,342.11693907200794,-1
481,481,180,416,0,0.08796296296296297,360.0,234,599,190.80094339389416,-1
482,482,257,81,0,0.05998977873977873,482.0,234,599,518.5103663380319,-1
483,483,220,148,0,0.1636904761904762,509.0,234,599,451.21724257833944,-1
484,484,111,295,0,0.0,357.0,234,599,327.9405433916337,-1
485,485,90,219,0,0.125,253.0,234,599,406.36929017828106,-1
486,486,172,195,0,0.16666666666666666,294.0,234,599,408.72973955903916,-1
487,487,296,217,0,0.047619047619047616,124.0,234,599,386.9987080081793,-1
488,488,205,120,0,0.09155092592592592,438.0,234,599,479.8770675912738,-1
489,489,137,243,0,0.158994708994709,417.0,234,599,368.97831914626096,-1
490,490,127,532,0,0.35482374768089053,504.0,234,599,126.24579200908045,-1
491,491,163,456,0,0.15004810004810004,452.0,234,599,159.65587994182988,-1
492,492,168,170,0,0.141851285968933,1095.0,234,599,434.0472324528749,-1
493,493,108,325,0,0.0,380.0,234,599,301.582492860577,-1
494,494,19,185,0,0.2866153846153846,765.0,234,599,466.4986602338746,-1
495,495,246,231,0,0.10378047052154195,882.0,234,599,368.19560019098543,-1
496,496,316,239,0,0.13194444444444445,181.0,234,599,369.22080114749764,-1
497,497,226,456,0,0.23888888888888893,315.0,234,599,143.22360140703069,-1
498,498,251,205,0,0.13851851851851854,986.0,234,599,394.3665807342199,-1
499,499,85,270,0,0.16818181818181818,672.0,234,599,361.1675511448945,-1
500,500,194,361,0,0.1009361009361009,869.0,234,599,241.3379373409825,-1
501,501,177,131,0,0.19444444444444442,126.0,234,599,471.45837568124716,-1
502,502,104,373,0,0.06944444444444443,429.0,234,599,260.72207424765554,-1
503,503,136,444,0,0.1046153846153846,610.0,234,599,183.38211472223784,-1
504,504,281,383,0,0.1522516835016835,783.0,234,599,221.05429197371402,-1
505,505,226,472,0,0.1111111111111111,220.0,234,599,127.251719045363,-1
506,506,257,230,0,0.16818181818181815,377.0,234,599,369.7161073039691,-1
507,507,221,102,0,0.045454545454545456,898.0,234,599,497.16999104933916,-1
508,508,233,224,0,0.1111111111111111,962.0,234,599,375.00133333096295,-1
509,509,83,298,0,0.15555555555555553,510.0,234,599,336.7521343659161,-1
510,510,278,211,0,0.1116780045351474,1081.0,234,599,390.486875579705,-1
511,511,230,268,0,0.047619047619047616,194.0,234,599,331.02416830195347,-1
512,512,187,89,0,0.28893698893698894,620.0,234,599,512.1611074652194,-1
513,513,172,427,0,0.1125,254.0,234,599,182.8332573685652,-1
514,514,284,354,0,0.10721820373719107,633.0,234,599,250.04999500099976,-1
515,515,318,276,0,0.06256332320162107,519.0,234,599,333.7439138021846,-1
516,516,277,345,0,0.2236111111111111,291.0,234,599,257.6140524117425,-1
517,517,183,114,0,0.13456790123456788,1150.0,234,599,487.67407148627456,-1
518,518,239,577,0,0.002531645569620253,251.0,234,599,22.561028345356956,-1
519,519,266,251,0,0.42676767676767674,199.0,234,599,349.46816736292305,-1
520,520,251,224,0,0.14999999999999997,222.0,234,599,375.38513556079977,-1
521,521,191,207,0,0.0707070707070707,194.0,234,599,394.3513661698156,-1
522,522,263,192,0,0.09917355371900825,871.0,234,599,408.0318615010352,-1
523,523,297,331,0,0.22694444444444445,708.0,234,599,275.30528509274933,-1
524,524,131,281,0,0.17307692307692307,177.0,234,599,334.26486503968675,-1
525,525,121,276,0,0.3571428571428571,354.0,234,599,342.1958503547347,-1
526,526,276,372,0,0.09177489177489177,689.0,234,599,230.85276693165278,-1
527,527,116,274,0,0.32857142857142857,172.0,234,599,345.7585862997476,-1
528,528,165,200,0,0.1697061803444782,491.0,234,599,404.9222147524139,-1
529,529,112,309,0,0.06666666666666667,143.0,234,599,314.6172277546161,-1
530,530,197,266,0,0.16249999999999998,232.0,234,599,335.0492501110844,-1
531,531,281,334,0,0.1240079365079365,457.0,234,599,269.1356535281047,-1
532,532,240,451,0,0.043477282950967165,876.0,234,599,148.12157169028418,-1
533,533,131,304,0,0.08333333333333333,577.0,234,599,312.464397971993,-1
534,534,307,81,0,0.125,229.0,234,599,523.1185334128394,-1
535,535,192,136,0,0.11205234159779613,879.0,234,599,464.9010647438872,-1
536,536,120,264,0,0.12212301587301587,1083.0,234,599,353.8657937693328,-1
537,537,132,57,0,0.10692239858906526,527.0,234,599,551.514279053589,-1
538,538,125,427,0,0.06537698412698413,810.0,234,599,203.62956563328422,-1
539,539,265,366,0,0.051808318264014476,395.0,234,599,235.05318547086316,-1
540,540,244,229,0,0.08814333814333813,453.0,234,599,370.1351104664349,-1
541,541,181,83,0,0.25277777777777777,912.0,234,599,518.7147578390266,-1
542,542,211,181,0,0.17063492063492064,457.0,234,599,418.63229689072006,-1
543,543,91,364,0,0.1,103.0,234,599,275.0890764825096,-1
544,544,264,324,0,0.07301587301587302,667.0,234,599,276.63152387246106,-1
545,545,189,475,0,0.07857142857142857,313.0,234,599,131.91285001848757,-1
546,546,69,489,0,0.06507936507936507,637.0,234,599,198.3053201505194,-1
547,547,97,181,0,0.030303030303030304,78.0,234,599,439.878392285868,-1
548,548,149,230,0,0.1295306001188354,1117.0,234,599,378.6634389533798,-1
549,549,156,249,0,0.15648148148148147,674.0,234,599,358.586112391431,-1
550,550,161,359,0,0.13523809523809524,528.0,234,599,250.85653270345583,-1
551,551,271,385,0,0.1263227513227513,134.0,234,599,217.17504460687928,-1
552,552,213,153,0,0.1257964257964258,1012.0,234,599,446.49412090194426,-1
553,553,111,270,0,0.1760858189429618,835.0,234,599,351.2406582387637,-1
554,554,319,261,0,0.08333333333333333,218.0,234,599,348.5240307353282,-1
555,555,252,146,0,0.125,135.0,234,599,453.35747484738795,-1
556,556,62,304,0,0.12229437229437229,464.0,234,599,341.4805997417716,-1
557,557,312,422,0,0.175,301.0,234,599,193.42440383777844,-1
558,558,268,356,0,0.05555555555555555,141.0,234,599,245.3670719554684,-1
559,559,305,379,0,0.16666666666666666,170.0,234,599,231.1730953203681,-1
560,560,197,341,0,0.0625,116.0,234,599,260.63959791251983,-1
561,561,226,371,0,0.16499999999999998,311.0,234,599,228.1403077055872,-1
562,562,35,287,0,0.09999999999999999,405.0,234,599,370.06080581439585,-1
563,563,220,279,0,0.2609126984126984,381.0,234,599,320.30610359467084,-1
564,564,249,200,0,0.009259259259259259,184.0,234,599,399.2818553353007,-1
565,565,210,142,0,0.07830086580086579,644.0,234,599,457.62976301809744,-1
566,566,84,318,0,0.12261859097302136,529.0,234,599,318.5294334908471,-1
567,567,25,452,0,0.09523809523809523,254.0,234,599,255.51907952244974,-1
568,568,51,234,0,0.07904040404040405,293.0,234,599,408.306257605734,-1
569,569,170,434,0,0.17466596343178623,901.0,234,599,176.9773996870787,-1
570,570,222,522,0,0.5,190.0,234,599,77.92945527847606,1
571,571,237,214,0,0.06785714285714287,247.0,234,599,385.0116881342695,-1
572,572,167,452,0,0.25,93.0,234,599,161.54875425084526,-1
573,573,175,121,0,0.1875,291.0,234,599,481.62744938385725,-1
574,574,100,358,0,0.08448408131952435,653.0,234,599,275.74807342935327,-1
575,575,294,197,0,0.20252525252525252,748.0,234,599,406.4529493065587,-1
576,576,205,276,0,0.09170274170274172,515.0,234,599,324.29924452579286,-1
577,577,251,197,0,0.10557208994708994,474.0,234,599,402.35929217553803,-1
578,578,344,400,0,0.10972222222222222,474.0,234,599,227.37853900489378,-1
579,579,119,390,0,0.13452380952380952,412.0,234,599,238.549785160247,-1
580,580,264,306,0,0.06666666666666667,163.0,234,599,294.5318318959769,-1
581,581,202,462,0,0.1623456790123457,616.0,234,599,140.68759717899798,-1
582,582,305,486,0,0.149382215007215,1043.0,234,599,133.4541119636259,-1
583,583,249,301,0,0.15277777777777776,410.0,234,599,298.37727795527593,-1
584,584,204,115,0,0.09081632653061224,342.0,234,599,484.92886076207094,-1
585,585,198,317,0,0.09466956654456656,999.0,234,599,284.2885857715712,-1
586,586,195,362,0,0.0,228.0,234,599,240.18742681497713,-1
587,587,132,297,0,0.16666666666666666,577.0,234,599,318.76009787926716,-1
588,588,254,274,0,0.2152777777777778,497.0,234,599,325.61480310329875,-1
589,589,113,269,0,0.2,375.0,234,599,351.48399679075004,-1
590,590,187,348,0,0.12275132275132274,704.0,234,599,255.36248745655655,-1
591,591,247,311,0,0.0,99.0,234,599,288.29325347638644,-1
592,592,212,251,0,0.15201465201465203,922.0,234,599,348.69470887869807,-1
593,593,261,355,0,0.0,365.0,234,599,245.48930730278255,-1
594,594,180,116,0,0.16666666666666666,127.0,234,599,486.00925917105735,-1
595,595,256,76,0,0.09451659451659451,340.0,234,599,523.4625105965088,-1
596,596,42,310,0,0.13111111111111112,892.0,234,599,346.96541614403014,-1
597,597,146,416,0,0.11989795918367345,781.0,234,599,203.05910469614506,-1
598,598,113,270,0,0.09592074592074593,981.0,234,599,350.5452895133523,-1
599,599,227,230,0,0.16,293.0,234,599,369.0663896916109,-1
600,600,210,355,0,0.04285714285714286,552.0,234,599,245.17748673155128,-1
601,601,205,418,0,0.2857142857142857,246.0,234,599,183.30848316430968,-1
602,602,92,277,0,0.030381944444444444,451.0,234,599,351.9204455555261,-1
603,603,268,238,0,0.0869047619047619,233.0,234,599,362.59757307516554,-1
604,604,110,565,0,0.16319444444444445,760.0,234,599,128.57682528356344,-1
605,605,196,330,0,0.057870370370370364,481.0,234,599,271.67075661542964,-1
606,606,256,216,0,0.1638888888888889,429.0,234,599,383.631333443972,-1
607,607,206,374,0,0.19588744588744586,557.0,234,599,226.73552875542023,-1
608,608,261,130,0,0.0788888888888889,378.0,234,599,469.77654262425665,-1
609,609,33,229,0,0.1655932030932031,1189.0,234,599,421.07125287770475,-1
610,610,212,199,0,0.2727272727272727,218.0,234,599,400.60454315946043,-1
611,611,250,249,0,0.11996336996336997,879.0,234,599,350.36552341804406,-1
612,612,249,81,0,0.0600907029478458,465.0,234,599,518.2171359575058,-1
613,613,243,222,0,0.1811868686868687,877.0,234,599,377.107411754264,-1
614,614,301,351,0,0.11037541923617872,857.0,234,599,256.8910274805253,-1
615,615,108,273,0,0.1353483817769532,947.0,234,599,349.502503567571,-1
616,616,271,358,0,0.07187500000000001,229.0,234,599,243.82370680473218,-1
617,617,290,294,0,0.06212121212121212,293.0,234,599,310.09837148879063,-1
618,618,167,491,0,0.12154882154882153,390.0,234,599,127.09445306542689,-1
619,619,58,284,0,0.3333333333333333,188.0,234,599,360.8337567357023,-1
620,620,140,253,0,0.1733333333333333,389.0,234,599,358.54148992829266,-1
621,621,109,343,0,0.08130411255411255,355.0,234,599,284.8876971720611,-1
622,622,196,365,0,0.22783962069676353,439.0,234,599,237.06539182259397,-1
623,623,66,415,0,0.02,382.0,234,599,249.15858403835898,-1
624,624,90,111,0,0.15711451247165534,1043.0,234,599,508.80251571705105,-1
625,625,165,263,0,0.16666666666666666,321.0,234,599,343.01166160933946,-1
626,626,179,290,0,0.07428177882723337,588.0,234,599,313.8566551787615,-1
627,627,117,348,0,0.12202380952380952,512.0,234,599,276.92959394040935,-1
628,628,202,218,0,0.033234126984126984,535.0,234,599,382.3414704161713,-1
629,629,252,226,0,0.016666666666666666,333.0,234,599,373.43406379172217,-1
630,630,196,97,0,0.2518398268398268,365.0,234,599,503.4361925805494,-1
631,631,325,340,0,0.15923848878394334,742.0,234,599,274.5214017157861,-1
632,632,259,218,0,0.32407407407407407,416.0,234,599,381.8193290026056,-1
633,633,221,181,0,0.20223214285714286,954.0,234,599,418.2021042510427,-1
634,634,221,281,0,0.10317460317460318,238.0,234,599,318.2656123428983,-1
635,635,204,199,0,0.3055555555555555,182.0,234,599,401.1234224026316,-1
636,636,242,199,0,0.09523809523809523,211.0,234,599,400.0799920015996,-1
637,637,250,55,0,0.10019841269841269,600.0,234,599,544.2352432542384,-1
638,638,93,403,0,0.2777777777777778,320.0,234,599,241.4477169078225,-1
639,639,270,239,0,0.35,215.0,234,599,361.79552236035204,-1
640,640,146,425,0,0.11818181818181817,341.0,234,599,194.98717906570164,-1
641,641,179,206,0,0.03373015873015873,431.0,234,599,396.82993838670996,-1
642,642,194,263,0,0.2590909090909091,824.0,234,599,338.3725757209056,-1
643,643,270,250,0,0.21041666666666667,913.0,234,599,350.85182057387135,-1
644,644,63,258,0,0.05610307414104883,384.0,234,599,381.47345910298924,-1
645,645,309,259,0,0.07652953107498561,806.0,234,599,348.1738071710737,-1
646,646,248,304,0,0.08333333333333333,302.0,234,599,295.33201655086435,-1
647,647,289,469,0,0.13690476190476192,345.0,234,599,141.15594213493105,-1
648,648,235,226,0,0.08956532078812539,1178.0,234,599,373.001340480165,-1
649,649,228,169,0,0.17365967365967366,861.0,234,599,430.04185842775814,-1
650,650,101,361,0,0.21825396825396826,463.0,234,599,272.6407893181063,-1
651,651,189,268,0,0.25,779.0,234,599,334.044907160699,-1
652,652,121,380,0,0.0625,101.0,234,599,246.43457549621561,-1
653,653,228,269,0,0.10692640692640694,1151.0,234,599,330.0545409474016,-1
654,654,96,259,0,0.10071119356833642,989.0,234,599,366.9386869764484,-1
655,655,119,344,0,0.17142857142857143,632.0,234,599,279.7320146139873,-1
656,656,109,278,0,0.2277952670429874,691.0,234,599,344.479317231093,-1
657,657,241,505,0,0.1388888888888889,120.0,234,599,94.26027795418386,-1
658,658,279,338,0,0.15793650793650793,703.0,234,599,264.85090145211893,-1
659,659,237,176,0,0.15343915343915343,550.0,234,599,423.010638164101,-1
660,660,173,420,0,0.041666666666666664,452.0,234,599,189.10843450253614,-1
661,661,132,201,0,0.14444444444444446,355.0,234,599,410.86250741580204,-1
662,662,220,316,0,0.14285714285714285,477.0,234,599,283.346078144731,-1
663,663,181,237,0,0.06666666666666667,37.0,234,599,365.8592625587058,-1
664,664,190,98,0,0.16666666666666666,95.0,234,599,502.92842433093796,-1
665,665,150,234,0,0.10031746031746032,937.0,234,599,374.5410524895769,-1
666,666,185,439,0,0.09722222222222221,190.0,234,599,167.3349933516597,-1
667,667,280,246,0,0.17166666666666666,208.0,234,599,355.9845502265513,-1
668,668,249,225,0,0.09345238095238095,586.0,234,599,374.30068127108717,-1
669,669,163,301,0,0.03869047619047619,485.0,234,599,306.3413129174712,-1
670,670,175,521,0,0.08571428571428572,287.0,234,599,97.8008179924892,-1
671,671,270,266,0,0.09041715859897677,662.0,234,599,334.94029318671113,-1
672,672,17,224,0,0.05555555555555555,281.0,234,599,433.2597373400856,-1
673,673,293,271,0,0.38875379939209725,423.0,234,599,333.2641594891356,-1
674,674,112,261,0,0.11587301587301588,452.0,234,599,359.3438464757676,-1
675,675,105,300,0,0.10718832671957672,1061.0,234,599,325.64090652127845,-1
676,676,245,290,0,0.16666666666666666,281.0,234,599,309.19573088902763,-1
677,677,186,476,0,0.15981087470449173,224.0,234,599,132.03408650799233,-1
678,678,152,159,0,0.1,179.0,234,599,447.57569192260655,-1
679,679,266,379,0,0.22529761904761905,465.0,234,599,222.31509170544405,-1
680,680,242,223,0,0.1294642857142857,371.0,234,599,376.0850967533811,-1
681,681,177,283,0,0.05128205128205128,891.0,234,599,321.0996729988992,-1
682,682,187,189,0,0.125,309.0,234,599,412.68510998096355,-1
683,683,265,210,0,0.0,4.0,234,599,390.2332635744934,-1
684,684,168,236,0,0.08194444444444444,499.0,234,599,368.9512162874653,-1
685,685,292,523,0,0.1019047619047619,274.0,234,599,95.60334722173695,-1
686,686,109,357,0,0.1619047619047619,377.0,234,599,272.3765775539446,-1
687,687,150,335,0,0.20014880952380953,610.0,234,599,277.04151313476467,-1
688,688,190,370,0,0.2,86.0,234,599,233.18876473792642,-1
689,689,130,411,0,0.12890625,180.0,234,599,214.84878403193255,-1
690,690,284,236,0,0.04774991556906451,847.0,234,599,366.427346141087,-1
691,691,255,91,0,0.11666666666666667,472.0,234,599,508.43386983952985,-1
692,692,274,418,0,0.13084415584415585,596.0,234,599,185.3672031401456,-1
693,693,188,176,0,0.06666666666666667,692.0,234,599,425.4938307425855,-1
694,694,141,361,0,0.16325757575757574,828.0,234,599,255.5249498581303,-1
695,695,275,241,0,0.054268004722550174,600.0,234,599,360.34011711159775,-1
696,696,245,237,0,0.24444444444444444,154.0,234,599,362.1670885102621,-1
697,697,149,220,0,0.27243713733075436,396.0,234,599,388.4147268062837,-1
698,698,110,265,0,0.12332144979203802,1183.0,234,599,356.2751745491117,-1
699,699,128,315,0,0.15277777777777776,460.0,234,599,303.13693275481955,-1
700,700,156,407,0,0.08727106227106227,841.0,234,599,207.23899247004653,-1
701,701,243,122,0,0.3125,364.0,234,599,477.08489810514857,-1
702,702,221,433,0,0.2482101718943824,658.0,234,599,166.50825805346713,-1
703,703,248,300,0,0.1155982905982906,694.0,234,599,299.3275797516828,-1
704,704,104,350,0,0.11160714285714285,615.0,234,599,280.8932181452589,-1
705,705,313,374,0,0.1501700680272109,477.0,234,599,238.4659304806454,-1
706,706,314,477,0,0.14305555555555555,325.0,234,599,145.89036979869508,-1
707,707,312,195,0,0.08465608465608465,153.0,234,599,411.4608122288197,-1
708,708,211,325,0,0.24537037037037038,311.0,234,599,274.96363395911106,-1
709,709,297,278,0,0.17337662337662335,775.0,234,599,327.1238297648155,-1
710,710,304,15,0,0.027704081632653064,686.0,234,599,588.1802444829306,-1
711,711,227,282,0,0.12129629629629629,1043.0,234,599,317.0772776469484,-1
712,712,56,355,0,0.15,580.0,234,599,302.026488904533,-1
713,713,113,284,0,0.05833333333333333,335.0,234,599,337.4403651017465,-1
714,714,230,49,0,0.07901234567901234,459.0,234,599,550.0145452622139,-1
715,715,277,417,0,0.09375,286.0,234,599,187.0106948813356,-1
716,716,238,191,0,0.07500000000000001,247.0,234,599,408.01960737199875,-1
717,717,281,370,0,0.20160714285714285,621.0,234,599,233.77339455121918,-1
718,718,263,221,0,0.0819047619047619,290.0,234,599,379.11080174534726,-1
719,719,93,393,0,0.08564213564213564,662.0,234,599,249.63373169505758,-1
720,720,282,361,0,0.0815018315018315,658.0,234,599,242.79209212822397,-1
721,721,241,411,0,0.11210317460317461,860.0,234,599,188.13027401245128,-1
722,722,99,263,0,0.055387205387205395,416.0,234,599,362.10633797270106,-1
723,723,191,234,0,0.1046626984126984,585.0,234,599,367.52414886643845,-1
724,724,176,106,0,0.05555555555555555,443.0,234,599,496.400040290087,-1
725,725,230,230,0,0.10846560846560845,710.0,234,599,369.02167957994016,-1
726,726,111,341,0,0.22343941220523497,829.0,234,599,285.8198733468336,-1
727,727,164,348,0,0.125,111.0,234,599,260.5782032327339,-1
728,728,196,350,0,0.14444444444444446,462.0,234,599,251.88290930509754,-1
729,729,277,447,0,0.0,114.0,234,599,157.96518603793686,-1
730,730,339,232,0,0.022727272727272728,187.0,234,599,381.72503192743335,-1
731,731,164,175,0,0.28125,247.0,234,599,429.739455949765,-1
732,732,159,190,0,0.16605894105894106,958.0,234,599,415.81967245429837,-1
733,733,144,69,0,0.13257575757575757,798.0,234,599,537.5872022286245,-1
734,734,232,318,0,0.09111111111111111,722.0,234,599,281.0071173475861,-1
735,735,248,513,0,0.1388888888888889,731.0,234,599,87.13208364316786,-1
736,736,202,323,0,0.15476190476190474,506.0,234,599,277.8488797889961,-1
737,737,201,556,0,0.1728395061728395,653.0,234,599,54.20332093147061,-1
738,738,283,288,0,0.12698412698412698,118.0,234,599,314.836465486449,-1
739,739,175,431,0,0.09027777777777778,266.0,234,599,178.05897899291685,-1
740,740,163,214,0,0.1723214285714286,745.0,234,599,391.4920177985753,-1
741,741,203,410,0,0.10984848484848483,344.0,234,599,191.52545522723605,-1
742,742,257,327,0,0.0,130.0,234,599,272.9706943977686,-1
743,743,323,333,0,0.1,218.0,234,599,280.49420671379295,-1
744,744,108,269,0,0.11630291005291006,994.0,234,599,353.23646470884063,-1
745,745,113,428,0,0.1,119.0,234,599,209.4803093371785,-1
746,746,316,164,0,0.1765873015873016,865.0,234,599,442.6612700474258,-1
747,747,113,373,0,0.25441919191919193,451.0,234,599,256.3532718730151,-1
748,748,260,82,0,0.0,189.0,234,599,517.6533589188812,-1
749,749,206,269,0,0.13596230158730158,477.0,234,599,331.18574848564964,-1
750,750,67,180,0,0.33124665126247405,975.0,234,599,451.0543204537564,-1
751,751,298,101,0,0.5035714285714286,283.0,234,599,502.09560842532767,-1
752,752,194,151,0,0.18166666666666667,1070.0,234,599,449.7821694998591,-1
753,753,208,340,0,0.18762868710237132,758.0,234,599,260.30174797722736,-1
754,754,143,78,0,0.12277777777777779,286.0,234,599,528.887511669542,-1
755,755,334,491,0,0.08562378167641327,338.0,234,599,147.18695594379278,-1
756,756,309,256,0,0.16666666666666666,199.0,234,599,351.10397320451955,-1
757,757,203,529,0,0.21547619047619046,405.0,234,599,76.55716818169282,-1
758,758,279,360,0,0.07936507936507936,499.0,234,599,243.19950657844683,-1
759,759,264,218,0,0.12861111111111112,702.0,234,599,382.1792773032049,-1
760,760,310,479,0,0.012658227848101266,55.0,234,599,142.04224723651762,-1
761,761,220,315,0,0.1037037037037037,219.0,234,599,284.3448610402516,-1
762,762,127,254,0,0.09986225895316805,896.0,234,599,361.2118491965622,-1
763,763,144,275,0,0.22873977873977872,652.0,234,599,336.2677504608493,-1
764,764,151,130,0,0.15404040404040403,305.0,234,599,476.28772816439437,-1
765,765,174,342,0,0.1839095744680851,494.0,234,599,263.9109698364204,-1
766,766,257,346,0,0.07142857142857141,582.0,234,599,254.043303395307,-1
767,767,258,110,0,0.10164141414141414,585.0,234,599,489.5886028085213,-1
768,768,106,288,0,0.16666666666666666,139.0,234,599,336.3108680967655,-1
769,769,305,267,0,0.06327045969903113,781.0,234,599,339.50699550966544,-1
770,770,167,272,0,0.08798701298701297,329.0,234,599,333.79334924470857,-1
771,771,74,290,0,0.1925,718.0,234,599,347.9669524538214,-1
772,772,230,197,0,0.2333333333333333,348.0,234,599,402.01990000496244,-1
773,773,285,223,0,0.0792022792022792,655.0,234,599,379.443012849097,-1
774,774,334,291,0,0.07524801587301587,545.0,234,599,323.82711436814554,-1
775,775,103,319,0,0.1111111111111111,46.0,234,599,309.1294227342328,-1
776,776,115,359,0,0.16666666666666666,43.0,234,599,267.88243690096596,-1
777,777,116,184,0,0.06888888888888887,931.0,234,599,431.44988121449285,-1
778,778,229,364,0,0.1125,324.0,234,599,235.05318547086316,-1
779,779,295,316,0,0.07678571428571428,629.0,234,599,289.4995682207488,-1
780,780,274,248,0,0.5454545454545454,108.0,234,599,353.27184999657135,-1
781,781,44,386,0,0.2431953463203463,627.0,234,599,285.4277491765648,-1
782,782,258,222,0,0.18293650793650792,624.0,234,599,377.7631533117014,-1
783,783,178,447,0,0.11547619047619047,364.0,234,599,161.9876538505327,-1
784,784,114,274,0,0.055102040816326525,401.0,234,599,346.44624402640017,-1
785,785,107,383,0,0.018518518518518517,453.0,234,599,250.56935167733502,-1
786,786,249,219,0,0.2013605442176871,463.0,234,599,380.2959373961284,-1
787,787,133,350,0,0.3055555555555556,104.0,234,599,268.7042984397533,-1
788,788,232,68,0,0.2011891062523974,229.0,234,599,531.0037664649847,-1
789,789,230,276,0,0.08333333333333333,129.0,234,599,323.02476685232665,-1
790,790,127,273,0,0.0,238.0,234,599,343.11076928595526,-1
791,791,249,311,0,0.15619047619047619,1193.0,234,599,288.39036044916617,-1
792,792,202,216,0,0.0820018365472911,759.0,234,599,384.33448973517847,-1
793,793,156,236,0,0.12736406619385343,495.0,234,599,371.28560435330644,-1
794,794,97,304,0,0.0,158.0,234,599,325.25989608311687,-1
795,795,216,192,0,0.0625,262.0,234,599,407.3978399550003,-1
796,796,288,492,0,0.25,210.0,234,599,119.85407794480753,-1
797,797,238,295,0,0.2043650793650794,825.0,234,599,304.0263146505578,-1
798,798,227,306,0,0.14999999999999997,251.0,234,599,293.08360581922693,-1
799,799,388,284,0,0.16785714285714284,670.0,234,599,350.62943401830944,-1
800,800,136,170,0,0.10714285714285714,129.0,234,599,440.05113339247293,-1
801,801,238,227,0,0.12482193732193732,308.0,234,599,372.0215047547655,-1
802,802,186,350,0,0.15625,140.0,234,599,253.58430550804994,-1
803,803,217,205,0,0.05357142857142857,416.0,234,599,394.3665807342199,-1
804,804,214,236,0,0.07142857142857142,145.0,234,599,363.5505466919284,-1
805,805,237,385,0,0.07242373072160307,912.0,234,599,214.02102700435768,-1
806,806,235,211,0,0.09791666666666667,283.0,234,599,388.0012886576538,-1
807,807,14,172,0,0.5416666666666666,485.0,234,599,480.342586077895,-1
808,808,248,214,0,0.19727891156462585,240.0,234,599,385.2544613628764,-1
809,809,212,351,0,0.13055555555555554,545.0,234,599,248.9738942138312,-1
810,810,228,355,0,0.2230880230880231,656.0,234,599,244.07375934335914,-1
811,811,235,247,0,0.171875,286.0,234,599,352.00142045167945,-1
812,812,252,240,0,0.3166666666666667,375.0,234,599,359.4509702309899,-1
813,813,90,281,0,0.06593406593406594,1199.0,234,599,349.08451698693256,-1
814,814,267,354,0,0.04488636363636364,465.0,234,599,247.212459232944,-1
815,815,185,570,0,0.08752747252747253,959.0,234,599,56.938563381947034,-1
816,816,307,110,0,0.0,53.0,234,599,494.41885077330943,-1
817,817,180,320,0,0.09523809523809523,557.0,234,599,284.17776126924497,-1
818,818,244,442,0,0.26666666666666666,319.0,234,599,157.31814898478814,-1
819,819,210,125,0,0.06611721611721612,658.0,234,599,474.60720601356235,-1
820,820,172,268,0,0.013157894736842105,147.0,234,599,336.7565886512096,-1
821,821,145,367,0,0.16723356009070292,372.0,234,599,248.4854120466632,-1
822,822,279,345,0,0.05555555555555555,207.0,234,599,257.9554225055174,-1
823,823,218,211,0,0.2688041125541125,708.0,234,599,388.329756778952,-1
824,824,123,267,0,0.15881032547699214,489.0,234,599,350.06427981157975,-1
825,825,113,332,0,0.05,296.0,234,599,293.1381926668717,-1
826,826,342,219,0,0.11355311355311357,937.0,234,599,395.04936400404443,-1
827,827,199,344,0,0.08055555555555555,641.0,234,599,257.390753524675,-1
828,828,252,41,0,0.16915584415584414,815.0,234,599,558.2902470937496,-1
829,829,201,346,0,0.0,13.0,234,599,255.14309710435043,-1
830,830,184,576,0,0.03571428571428571,595.0,234,599,55.036351623268054,-1
831,831,262,229,0,0.2115112160566706,755.0,234,599,371.05794695707567,-1
832,832,279,336,0,0.015,656.0,234,599,266.8220380703213,-1
833,833,237,229,0,0.041666666666666664,474.0,234,599,370.01216196227927,-1
834,834,113,259,0,0.10476190476190476,368.0,234,599,360.8891796660022,-1
835,835,162,458,0,0.11527777777777776,319.0,234,599,158.31929762350515,-1
836,836,311,411,0,0.028571428571428574,475.0,234,599,203.15757431117353,-1
837,837,298,116,0,0.09444444444444444,493.0,234,599,487.2217154438008,-1
838,838,269,265,0,0.07142857142857142,204.0,234,599,335.828825445345,-1
839,839,248,335,0,0.08928571428571429,362.0,234,599,264.3709515056448,-1
840,840,253,229,0,0.0,34.0,234,599,370.48751665879377,-1
841,841,332,301,0,0.12101010101010101,729.0,234,599,313.7004941022567,-1
842,842,283,346,0,0.09166666666666667,355.0,234,599,257.70137756713683,-1
843,843,269,357,0,0.0,54.0,234,599,244.51789300580847,-1
844,844,227,195,0,0.1014990138067061,848.0,234,599,404.0606390135025,-1
845,845,9,347,0,0.28444444444444444,109.0,234,599,337.8298388242223,-1
846,846,307,276,0,0.06742424242424243,777.0,234,599,331.14649326242306,-1
847,847,193,384,0,0.09032072533654811,891.0,234,599,218.87439320304236,-1
848,848,191,358,0,0.1308712121212121,711.0,234,599,244.80604567698077,-1
849,849,192,342,0,0.12551892551892554,950.0,234,599,260.40929322894755,-1
850,850,245,353,0,0.23952380952380953,578.0,234,599,246.24581214713075,-1
851,851,252,215,0,0.09259259259259259,630.0,234,599,384.42164351139235,-1
852,852,136,383,0,0.1,49.0,234,599,237.19190542680835,-1
853,853,204,168,0,0.05277777777777778,269.0,234,599,432.0428219517135,-1
854,854,185,270,0,0.10595238095238094,401.0,234,599,332.62892237446823,-1
855,855,118,395,0,0.0,63.0,234,599,234.67424230196207,-1
856,856,120,274,0,0.28758865248226945,215.0,234,599,344.41399506988677,-1
857,857,258,359,0,0.08497474747474747,461.0,234,599,241.19701490690136,-1
858,858,193,341,0,0.1851851851851852,407.0,234,599,261.2374398894615,-1
859,859,104,383,0,0.11917989417989416,957.0,234,599,252.10315349078837,-1
860,860,130,180,0,0.09999999999999999,492.0,234,599,431.7140257160983,-1
861,861,199,345,0,0.16666666666666666,45.0,234,599,256.40007800310826,-1
862,862,177,252,0,0.14938949938949939,1432.0,234,599,351.6503945682416,-1
863,863,181,346,0,0.09134199134199134,546.0,234,599,258.4917793663853,-1
864,864,329,236,0,0.06696428571428571,294.0,234,599,375.22526567383494,-1
865,865,138,253,0,0.0,278.0,234,599,359.07102361510596,-1
866,866,221,297,0,0.20674603174603176,406.0,234,599,302.2796718272666,-1
867,867,264,214,0,0.34602272727272726,461.0,234,599,386.16706229299257,-1
868,868,378,340,0,0.11904761904761904,199.0,234,599,296.33933252270106,-1
869,869,337,225,0,0.33106060606060606,276.0,234,599,387.9239616213466,-1
870,870,160,249,0,0.15029761904761904,170.0,234,599,357.7373338079211,-1
871,871,175,338,0,0.06463675213675214,372.0,234,599,267.58550035455954,-1
872,872,123,407,0,0.06944444444444445,221.0,234,599,221.77691493931465,-1
873,873,243,211,0,0.08564814814814814,732.0,234,599,388.1043674065006,-1
874,874,117,379,0,0.08547008547008547,923.0,234,599,249.1766441703556,-1
875,875,166,357,0,0.09226190476190475,352.0,234,599,251.372233947984,-1
876,876,43,60,0,0.15996685606060607,418.0,234,599,571.8408869606999,-1
877,877,300,427,0,0.23015873015873017,443.0,234,599,184.22811946062956,-1
878,878,251,243,0,0.25,302.0,234,599,356.4056677439347,-1
879,879,180,318,0,0.11788003663003663,1052.0,234,599,286.14157335137446,-1
880,880,71,305,0,0.10870610870610871,907.0,234,599,336.1621632486321,-1
881,881,197,146,0,0.14285714285714285,255.0,234,599,454.5085257726196,-1
882,882,332,52,0,0.031684027777777776,424.0,234,599,555.7094564608379,-1
883,883,259,130,0,0.2638888888888889,437.0,234,599,469.6658386555275,-1
884,884,303,402,0,0.08482726423902895,970.0,234,599,208.73428084528905,-1
885,885,116,380,0,0.030303030303030304,100.0,234,599,248.766959220874,-1
886,886,253,184,0,0.06882758445258445,848.0,234,599,415.4347120788055,-1
887,887,132,415,0,0.0,139.0,234,599,210.38060747131613,-1
888,888,273,226,0,0.0,188.0,234,599,375.0333318519835,-1
889,889,272,241,0,0.0,36.0,234,599,360.01111093964863,-1
890,890,130,164,0,0.08423280423280423,952.0,234,599,447.25943254446855,-1
891,891,194,401,0,0.027777777777777776,285.0,234,599,202.0,-1
892,892,178,136,0,0.5,173.0,234,599,466.37431318630746,-1
893,893,314,275,0,0.09443001443001443,318.0,234,599,333.73043013785843,-1
894,894,275,184,0,0.15,266.0,234,599,417.02038319487457,-1
895,895,87,255,0,0.08333333333333333,127.0,234,599,374.09223461601016,-1
896,896,83,365,0,0.20833333333333331,480.0,234,599,278.4905743467811,-1
897,897,152,446,0,0.16537698412698412,825.0,234,599,173.5885940953495,-1
898,898,379,340,0,0.13333333333333333,300.0,234,599,296.82654867784316,-1
899,899,231,314,0,0.1461016414141414,1162.0,234,599,285.0157890363269,-1
900,900,267,334,0,0.0,144.0,234,599,267.0468123756582,-1
901,901,227,320,0,0.05988184747583244,553.0,234,599,279.0877998050076,-1
902,902,196,391,0,0.057738095238095234,605.0,234,599,211.4426636230257,-1
903,903,168,224,0,0.08333333333333333,147.0,234,599,380.76370625362915,-1
904,904,325,357,0,0.19444444444444445,479.0,234,599,258.54400012377005,-1
905,905,242,394,0,0.06988536155202822,468.0,234,599,205.15603817582362,-1
906,906,176,282,0,0.18540564373897708,526.0,234,599,322.2623155133098,-1
907,907,135,353,0,0.20920686878133682,563.0,234,599,265.1735280905694,-1
908,908,261,562,0,0.25,170.0,234,599,45.803929962395145,-1
909,909,196,361,0,0.17210648148148147,535.0,234,599,241.01452238402564,-1
910,910,101,374,0,0.16517857142857142,413.0,234,599,261.36947029062134,-1
911,911,261,233,0,0.20833333333333331,303.0,234,599,366.9945503682582,-1
912,912,167,261,0,0.1,164.0,234,599,344.5765517268986,-1
913,913,240,203,0,0.1,45.0,234,599,396.045451937022,-1
914,914,312,394,0,0.07229437229437229,420.0,234,599,219.33763926877666,-1
915,915,171,305,0,0.16018518518518518,498.0,234,599,300.6742423288034,-1
916,916,253,212,0,0.06666666666666667,172.0,234,599,387.4661275518158,-1
917,917,283,412,0,0.06342346335697399,455.0,234,599,193.31321734428818,-1
918,918,265,546,0,0.12351190476190474,675.0,234,599,61.40032573203501,-1
919,919,249,195,0,0.2,127.0,234,599,404.27836944362974,-1
920,920,216,455,0,0.08333333333333333,74.0,234,599,145.12063946937388,-1
921,921,206,284,0,0.22857142857142856,241.0,234,599,316.2419959461425,-1
922,922,79,189,0,0.09753086419753086,696.0,234,599,438.32065887886233,-1
923,923,164,315,0,0.09722222222222222,366.0,234,599,292.4995726492605,-1
924,924,156,245,0,0.07036075036075036,857.0,234,599,362.49137920783716,-1
925,925,221,184,0,0.2222222222222222,174.0,234,599,415.2035645319052,-1
926,926,98,165,0,0.07738095238095238,221.0,234,599,454.8098503770559,-1
927,927,173,454,0,0.13944444444444445,557.0,234,599,157.30861387730806,-1
928,928,116,289,0,0.18333333333333332,485.0,234,599,331.6986584235758,-1
929,929,315,120,0,0.0625,171.0,234,599,485.8003705227076,-1
930,930,204,256,0,0.3917748917748917,213.0,234,599,344.3094538347735,-1
931,931,148,219,0,0.07242063492063493,299.0,234,599,389.61006147172327,-1
932,932,137,461,0,0.06597222222222222,419.0,234,599,168.6801707374047,-1
933,933,165,83,0,0.048497732426303855,963.0,234,599,520.5929311852016,-1
934,934,235,318,0,0.14285714285714285,619.0,234,599,281.00177935379696,-1
935,935,227,303,0,0.1,64.0,234,599,296.08275870100914,-1
936,936,185,208,0,0.13333333333333333,180.0,234,599,394.0583713106473,-1
937,937,240,407,0,0.24816849816849818,903.0,234,599,192.09372712298546,-1
938,938,115,371,0,0.16666666666666666,200.0,234,599,257.18670261115756,-1
939,939,171,442,0,0.25,34.0,234,599,169.1685549976709,-1
940,940,154,332,0,0.1518596681096681,526.0,234,599,278.7274654568509,-1
941,941,215,109,0,0.07086822169059011,838.0,234,599,490.36822898715616,-1
942,942,280,379,0,0.12443741209563992,1247.0,234,599,224.75764725588314,-1
943,943,244,228,0,0.07291666666666666,647.0,234,599,371.13474641967974,-1
944,944,259,342,0,0.3169642857142857,152.0,234,599,258.21309029559285,-1
945,945,310,370,0,0.16174142215808882,1040.0,234,599,241.2819926973416,-1
946,946,109,372,0,0.19047619047619047,589.0,234,599,259.1408883213917,-1
947,947,76,538,0,0.027777777777777776,395.0,234,599,169.36646657470303,-1
948,948,260,369,0,0.06994047619047619,403.0,234,599,231.46490014686893,-1
949,949,223,280,0,0.19393939393939394,685.0,234,599,319.189598828032,-1
950,950,104,400,0,0.0,134.0,234,599,237.69938998659632,-1
951,951,112,348,0,0.11428571428571428,140.0,234,599,279.0788419067271,-1
952,952,171,250,0,0.034054149085794655,299.0,234,599,354.6406632071399,-1
953,953,120,360,0,0.07196969696969698,173.0,234,599,264.7961480082367,-1
954,954,110,258,0,0.06018518518518518,188.0,234,599,362.8456972323084,-1
955,955,81,368,0,0.17019116814351362,1134.0,234,599,277.0739973364516,-1
956,956,187,309,0,0.047619047619047616,145.0,234,599,293.7839342101606,-1
957,957,310,306,0,0.07172619047619049,900.0,234,599,302.6962173533062,-1
958,958,245,306,0,0.14909447821681862,859.0,234,599,293.20641193534635,-1
959,959,180,235,0,0.034722222222222224,532.0,234,599,367.98369529097346,-1
960,960,285,190,0,0.10023809523809524,292.0,234,599,412.16744170300495,-1
961,961,191,193,0,0.1431818181818182,350.0,234,599,408.27074350239695,-1
962,962,350,256,0,0.10341880341880341,719.0,234,599,362.0842443410097,-1
963,963,251,367,0,0.21428571428571427,464.0,234,599,232.62201099638014,-1
964,964,258,392,0,0.10317460317460318,291.0,234,599,208.38665984174708,-1
965,965,263,236,0,0.1419242216117216,1202.0,234,599,364.156559737704,-1
966,966,201,333,0,0.10416666666666666,600.0,234,599,268.03917624108607,-1
967,967,373,304,0,0.19688552188552189,580.0,234,599,326.1073442901892,-1
968,968,262,139,0,0.03333333333333333,240.0,234,599,460.8513860237376,-1
969,969,236,153,0,0.06170634920634921,1184.0,234,599,446.0044842823892,-1
970,970,295,404,0,0.0,119.0,234,599,204.31837900688228,-1
971,971,266,126,0,0.09166666666666667,127.0,234,599,474.0812166707304,-1
972,972,268,225,0,0.17888888888888888,255.0,234,599,375.54227458436685,-1
973,973,193,152,0,0.09999999999999999,269.0,234,599,448.8763749630849,-1
974,974,270,245,0,0.21071428571428572,306.0,234,599,355.8258000763857,-1
975,975,107,381,0,0.07142857142857142,321.0,234,599,252.29546171106605,-1
976,976,298,328,0,0.3194444444444444,285.0,234,599,278.4546641735419,-1
977,977,175,215,0,0.029166666666666664,512.0,234,599,388.5061132080163,-1
978,978,162,336,0,0.14989898989898987,1111.0,234,599,272.6774651488458,-1
979,979,248,223,0,0.26666666666666666,207.0,234,599,376.26054802490256,-1
980,980,155,381,0,0.125,64.0,234,599,231.87280996270349,-1
981,981,229,112,0,0.10100585688820984,1160.0,234,599,487.0256666747657,-1
982,982,183,94,0,0.05555555555555555,68.0,234,599,507.5687145599106,-1
983,983,245,217,0,0.10246753246753246,824.0,234,599,382.1583441454602,-1
984,984,272,347,0,0.17794784580498862,446.0,234,599,254.8489748851268,-1
985,985,99,296,0,0.09313725490196079,1079.0,234,599,331.71373200396755,-1
986,986,172,179,0,0.14594928880643168,844.0,234,599,424.5515280858143,-1
987,987,313,179,0,0.10555555555555556,334.0,234,599,427.365183420456,-1
988,988,256,217,0,0.21329365079365079,985.0,234,599,382.632983418837,-1
989,989,109,455,0,0.11904761904761904,84.0,234,599,190.68560512005095,-1
990,990,196,321,0,0.17595238095238094,289.0,234,599,280.58510295452254,-1
991,991,235,142,0,0.08755550005550006,757.0,234,599,457.00109409059405,-1
992,992,208,252,0,0.0,158.0,234,599,347.9727000786125,-1
993,993,184,295,0,0.07323232323232323,190.0,234,599,308.084404019418,-1
994,994,340,251,0,0.13605442176870747,292.0,234,599,363.78565117387467,-1
995,995,290,355,0,0.25126262626262624,469.0,234,599,250.3437636531016,-1
996,996,230,227,0,0.13882575757575757,892.0,234,599,372.0215047547655,-1
997,997,240,256,0,0.0702319772495211,1243.0,234,599,343.05247412021384,-1
998,998,268,271,0,0.19166666666666668,726.0,234,599,329.75748664738455,-1
999,999,187,139,0,0.06666666666666667,193.0,234,599,462.3948529125297,-1
1000,1000,227,151,0,0.061111111111111116,286.0,234,599,448.0546841625473,-1
1001,1001,15,100,0,0.0,79.0,234,599,544.9421987697411,-1
1002,1002,277,376,0,0.1468975468975469,640.0,234,599,227.1079038695043,-1
1003,1003,285,276,0,0.09375,327.0,234,599,327.00152904841286,-1
1004,1004,190,193,0,0.02857142857142857,268.0,234,599,408.3772765470674,-1
1005,1005,316,205,0,0.1205122655122655,1035.0,234,599,402.4425424827748,-1
1006,1006,215,215,0,0.08870912775168094,645.0,234,599,384.4697647410001,-1
1007,1007,263,213,0,0.3333333333333333,154.0,234,599,387.08784532712986,-1
1008,1008,229,363,0,0.20094696969696968,504.0,234,599,236.05296015936761,-1
1009,1009,295,307,0,0.060714285714285714,199.0,234,599,298.30353668704635,-1
1010,1010,199,236,0,0.06326530612244899,392.0,234,599,364.6834243559748,-1
1011,1011,118,216,0,0.03571428571428571,171.0,234,599,400.1812089541437,-1
1012,1012,243,193,0,0.13574263038548753,1037.0,234,599,406.09974144291203,-1
1013,1013,199,83,0,0.06906887755102041,379.0,234,599,517.1856533199659,-1
1014,1014,77,253,0,0.07561612364243943,739.0,234,599,379.95394457749745,-1
1015,1015,337,460,0,0.13166666666666665,390.0,234,599,173.0028901492689,-1
1016,1016,333,363,0,0.1797924297924298,800.0,234,599,255.92381678929377,-1
1017,1017,140,121,0,0.15555555555555556,874.0,234,599,487.15500613254505,-1
1018,1018,226,194,0,0.10555555555555556,272.0,234,599,405.07900463983566,-1
1019,1019,312,166,0,0.050072150072150066,372.0,234,599,439.96931711200045,-1
1020,1020,308,426,0,0.27777777777777773,395.0,234,599,188.16216410320115,-1
1021,1021,128,245,0,0.0,254.0,234,599,369.52943049234926,-1
1022,1022,207,221,0,0.0,58.0,234,599,378.9630588856914,-1
1023,1023,105,213,0,0.19692911255411258,1027.0,234,599,406.98525771826183,-1
1024,1024,262,220,0,0.1294642857142857,208.0,234,599,380.0328933131973,-1
1025,1025,32,360,0,0.17936005625879045,582.0,234,599,312.92970456637704,-1
1026,1026,269,242,0,0.109375,1165.0,234,599,358.7115833089308,-1
1027,1027,69,189,0,0.07866666666666666,595.0,234,599,441.955880150949,-1
1028,1028,83,88,0,0.005,229.0,234,599,532.8433165575036,-1
1029,1029,217,75,0,0.1252946127946128,1384.0,234,599,524.2756908345074,-1
1030,1030,54,478,0,0.014043600562587905,699.0,234,599,216.8893727225933,-1
1031,1031,42,170,0,0.0,251.0,234,599,470.00531911883724,-1
1032,1032,160,339,0,0.2553567318757192,607.0,234,599,270.325729445053,-1
1033,1033,304,283,0,0.2026315789473684,797.0,234,599,323.66031576330147,-1
1034,1034,136,274,0,0.07857142857142857,225.0,234,599,339.4539733159711,-1
1035,1035,220,476,0,0.1,385.0,234,599,123.79418403139947,-1
1036,1036,207,195,0,0.07352092352092353,502.0,234,599,404.90122252223443,-1
1037,1037,52,244,0,0.09375,260.0,234,599,398.9348317708044,-1
1038,1038,251,206,0,0.45370370370370366,800.0,234,599,393.3675126392621,-1
1039,1039,234,285,0,0.195054945054945,979.0,234,599,314.0,-1
1040,1040,231,352,0,0.05078373015873016,594.0,234,599,247.01821795163207,-1
1041,1041,143,295,0,0.10535714285714284,489.0,234,599,317.3279061160553,-1
1042,1042,240,478,0,0.045263157894736845,283.0,234,599,121.1486689980538,-1
1043,1043,267,230,0,0.07410714285714286,713.0,234,599,370.4726710568541,-1
1044,1044,269,269,0,0.05128205128205128,681.0,234,599,331.85087012090236,-1
1045,1045,217,380,0,0.1393506205673759,1065.0,234,599,219.65882636488797,-1
1046,1046,188,332,0,0.3972222222222222,141.0,234,599,270.9335711941213,-1
1047,1047,153,464,0,0.15746753246753248,333.0,234,599,157.4357011608231,-1
1048,1048,166,251,0,0.103125,500.0,234,599,354.58144339488496,-1
1049,1049,226,348,0,0.10606060606060605,355.0,234,599,251.127457678367,-1
1050,1050,162,505,0,0.12,242.0,234,599,118.40608092492548,-1
1051,1051,203,412,0,0.11666666666666665,284.0,234,599,189.5521036549054,-1
1052,1052,218,226,0,0.11395891690009335,1250.0,234,599,373.34300582708124,-1
1053,1053,123,371,0,0.5714285714285714,98.0,234,599,253.58430550804994,1
1054,1054,131,562,0,0.08333333333333333,772.0,234,599,109.4440496326776,-1
1055,1055,233,75,0,0.05555555555555555,121.0,234,599,524.0009541976045,-1
1056,1056,142,271,0,0.07697611030944364,562.0,234,599,340.6581864567473,-1
1057,1057,139,197,0,0.04345238095238095,698.0,234,599,413.0726328383424,-1
1058,1058,230,162,0,0.12566137566137567,235.0,234,599,437.01830625272436,-1
1059,1059,240,259,0,0.15277777777777776,246.0,234,599,340.05293705539435,-1
1060,1060,247,198,0,0.046296296296296294,688.0,234,599,401.21066785418355,-1
1061,1061,176,419,0,0.26326358826358826,730.0,234,599,189.1137224000416,-1
1062,1062,261,302,0,0.3410714285714286,367.0,234,599,298.22474746405607,-1
1063,1063,270,365,0,0.037037037037037035,200.0,234,599,236.7530358833863,-1
1064,1064,176,177,0,0.14285714285714285,236.0,234,599,425.96713488249304,-1
1065,1065,60,247,0,0.05,231.0,234,599,392.65761166695853,-1
1066,1066,204,277,0,0.16845238095238094,395.0,234,599,323.39449593337235,-1
1067,1067,245,203,0,0.125,199.0,234,599,396.15274831812036,-1
1068,1068,285,358,0,0.16523809523809524,609.0,234,599,246.33716731342025,-1
1069,1069,239,226,0,0.21233766233766233,749.0,234,599,373.0335105590381,-1
1070,1070,289,381,0,0.1564102564102564,873.0,234,599,224.83104767802868,-1
1071,1071,238,354,0,0.125,206.0,234,599,245.03265088555034,-1
1072,1072,162,286,0,0.25,49.0,234,599,321.1744074486633,-1
1073,1073,203,267,0,0.10755621693121692,404.0,234,599,333.44414824674914,-1
1074,1074,210,345,0,0.13385416666666666,1114.0,234,599,255.13133872576296,-1
1075,1075,210,255,0,0.06458333333333333,510.0,234,599,344.8361929960369,-1
1076,1076,192,329,0,0.23194444444444443,292.0,234,599,273.2471408816568,-1
1077,1077,220,350,0,0.4444444444444444,238.0,234,599,249.39326374222702,1
1078,1078,127,152,0,0.2167884199134199,843.0,234,599,459.6281105415551,-1
1079,1079,264,344,0,0.16898148148148148,662.0,234,599,256.7586415293554,-1
1080,1080,275,397,0,0.16168430335097,574.0,234,599,206.11889772653063,-1
1081,1081,290,342,0,0.125,198.0,234,599,263.0304164920856,-1
1082,1082,296,527,0,0.0,163.0,234,599,95.01578816175763,-1
1083,1083,45,209,0,0.24047619047619048,527.0,234,599,433.3832022586939,-1
1084,1084,155,253,0,0.12797619047619047,405.0,234,599,354.9042124292131,-1
1085,1085,176,449,0,0.09240362811791382,471.0,234,599,160.822883943797,-1
1086,1086,282,126,0,0.1836080586080586,956.0,234,599,475.42927970414274,-1
1087,1087,199,345,0,0.4444444444444444,169.0,234,599,256.40007800310826,1
1088,1088,249,98,0,0.0,121.0,234,599,501.2245005982848,-1
1089,1089,283,297,0,0.24197994987468674,441.0,234,599,305.94934221207274,-1
1090,1090,178,420,0,0.0,270.0,234,599,187.55532517100121,-1
1091,1091,141,476,0,0.06566455696202532,227.0,234,599,154.20116731075677,-1
1092,1092,246,196,0,0.027777777777777776,683.0,234,599,403.17862046492496,-1
1093,1093,65,400,0,0.06349206349206349,220.0,234,599,261.0785322465254,-1
1094,1094,75,107,0,0.039120528594212806,1084.0,234,599,517.0541557709405,-1
1095,1095,114,331,0,0.05555555555555555,435.0,234,599,293.63923443572725,-1
1096,1096,26,308,0,0.14583333333333331,277.0,234,599,357.6940033045005,-1
1097,1097,245,127,0,0.07738095238095238,397.0,234,599,472.1281605665987,-1
1098,1098,64,341,0,0.0,179.0,234,599,308.97249068485047,-1
1099,1099,269,429,0,0.14826530612244898,491.0,234,599,173.5655495770978,-1
1100,1100,288,228,0,0.4666666666666666,147.0,234,599,374.9093223700899,-1
1101,1101,212,237,0,0.12286501377410469,926.0,234,599,362.66789215479224,-1
1102,1102,96,411,0,0.1375,685.0,234,599,233.21234958723778,-1
1103,1103,198,325,0,0.25,92.0,234,599,276.3548443577568,-1
1104,1104,84,307,0,0.02738095238095238,903.0,234,599,328.27427556846425,-1
1105,1105,103,424,0,0.03809523809523809,466.0,234,599,218.6000914912892,-1
1106,1106,236,475,0,0.15082251082251083,1001.0,234,599,124.01612798341996,-1
1107,1107,169,427,0,0.2012820512820513,955.0,234,599,183.87223825254318,-1
1108,1108,244,220,0,0.0496031746031746,306.0,234,599,379.1319031682773,-1
1109,1109,235,351,0,0.10151515151515152,622.0,234,599,248.0020161208372,-1
1110,1110,129,260,0,0.1580765639589169,1133.0,234,599,354.8887149516028,-1
1111,1111,186,399,0,0.13874458874458875,936.0,234,599,205.67936211491906,-1
1112,1112,25,99,0,0.2152777777777778,363.0,234,599,541.923426325159,-1
1113,1113,285,315,0,0.21152958152958154,1042.0,234,599,288.54289109246827,-1
1114,1114,296,301,0,0.05928571428571429,573.0,234,599,304.381339769704,-1
1115,1115,225,259,0,0.10317460317460318,232.0,234,599,340.1190967881692,-1
1116,1116,123,144,0,0.0,82.0,234,599,468.3438907469596,-1
1117,1117,255,225,0,0.09047619047619046,369.0,234,599,374.58910822393113,-1
1118,1118,155,298,0,0.3333333333333333,421.0,234,599,311.1944729586308,-1
1119,1119,171,168,0,0.1,164.0,234,599,435.5800730061007,-1
1120,1120,234,291,0,0.19743626743626744,818.0,234,599,308.0,-1
1121,1121,291,229,0,0.06063829787234043,138.0,234,599,374.36479535340925,-1
1122,1122,128,261,0,0.1665151515151515,599.0,234,599,354.2315626818141,-1
1123,1123,270,333,0,0.017857142857142856,266.0,234,599,268.4250360901531,-1
1124,1124,127,45,0,0.5208333333333333,316.0,234,599,564.2384247815811,-1
1125,1125,212,262,0,0.09778244631185806,969.0,234,599,337.71733742880303,-1
1126,1126,273,221,0,0.08320814206890155,852.0,234,599,380.00657889041867,-1
1127,1127,115,250,0,0.10555555555555556,800.0,234,599,368.73025370858846,-1
1128,1128,235,166,0,0.19772727272727272,278.0,234,599,433.0011547328713,-1
1129,1129,148,391,0,0.151984126984127,1222.0,234,599,225.07776433935007,-1
1130,1130,198,380,0,0.02,297.0,234,599,221.93918085818015,-1
1131,1131,151,150,0,0.12698412698412698,539.0,234,599,456.607052069939,-1
1132,1132,225,291,0,0.09999999999999999,319.0,234,599,308.13146544940844,-1
1133,1133,209,218,0,0.2916666666666667,151.0,234,599,381.8193290026056,-1
1134,1134,198,320,0,0.14583333333333331,80.0,234,599,281.3129929455801,-1
1135,1135,117,273,0,0.09314208997753302,610.0,234,599,346.3596396810691,-1
1136,1136,209,325,0,0.16335978835978834,421.0,234,599,275.138147118861,-1
1137,1137,195,74,0,0.11866471734892786,468.0,234,599,526.4465784863646,-1
1138,1138,70,258,0,0.06956916099773243,913.0,234,599,378.387367653837,-1
1139,1139,274,232,0,0.04722222222222222,294.0,234,599,369.173400992,-1
1140,1140,224,135,0,0.19910714285714284,565.0,234,599,464.1077461107496,-1
1141,1141,156,376,0,0.13999999999999999,758.0,234,599,236.24775131204953,-1
1142,1142,256,345,0,0.26356026785714287,415.0,234,599,254.95097567963924,-1
1143,1143,235,515,0,0.09423076923076923,404.0,234,599,84.00595217006948,-1
1144,1144,194,335,0,0.065,331.0,234,599,267.0131082924582,-1
1145,1145,149,435,0,0.16889880952380953,507.0,234,599,184.7187050625897,-1
1146,1146,231,405,0,0.006578947368421052,313.0,234,599,194.02319448973105,-1
1147,1147,100,357,0,0.1,150.0,234,599,276.6224864323217,-1
1148,1148,190,261,0,0.13916666666666666,805.0,234,599,340.8518739863403,-1
1149,1149,189,256,0,0.10119047619047618,451.0,234,599,345.9393010341554,-1
1150,1150,114,365,0,0.03571428571428571,406.0,234,599,262.9752840097335,-1
1151,1151,251,216,0,0.12037037037037036,222.0,234,599,383.3770989508893,-1
1152,1152,238,190,0,0.09256338899196041,407.0,234,599,409.0195594345092,-1
1153,1153,236,180,0,0.12025166191832858,688.0,234,599,419.00477324250136,-1
1154,1154,160,64,0,0.027777777777777776,52.0,234,599,540.093510422038,-1
1155,1155,226,195,0,0.1064102564102564,914.0,234,599,404.0792001575929,-1
1156,1156,80,558,0,0.0992063492063492,389.0,234,599,159.3643623900902,-1
1157,1157,215,343,0,0.11458333333333333,267.0,234,599,256.7041098229633,-1
1158,1158,253,216,0,0.12565247252747253,772.0,234,599,383.4709897762802,-1
1159,1159,241,68,0,0.09722222222222221,708.0,234,599,531.046137355315,-1
1160,1160,324,379,0,0.07702020202020202,394.0,234,599,237.69728648009425,-1
1161,1161,253,225,0,0.11904761904761904,252.0,234,599,374.4823093284915,-1
1162,1162,249,302,0,0.09821428571428571,308.0,234,599,297.37854663711033,-1
1163,1163,301,416,0,0.21566036302878408,997.0,234,599,194.87944991712183,-1
1164,1164,324,213,0,0.26,76.0,234,599,396.35337768208814,-1
1165,1165,109,336,0,0.08015873015873017,636.0,234,599,291.1940933466886,-1
1166,1166,272,361,0,0.0744047619047619,947.0,234,599,241.01452238402564,-1
1167,1167,19,395,0,0.13677248677248677,343.0,234,599,296.37982387470305,-1
1168,1168,177,340,0,0.1949404761904762,539.0,234,599,265.1980392084376,-1
1169,1169,135,253,0,0.08125,268.0,234,599,359.8847037594124,-1
1170,1170,195,431,0,0.375,382.0,234,599,172.46738822165773,-1
1171,1171,193,358,0,0.07757936507936508,566.0,234,599,244.46267608778237,-1
1172,1172,252,197,0,0.23409090909090907,704.0,234,599,402.40278329057315,-1
1173,1173,378,291,0,0.11595238095238095,526.0,234,599,340.0,-1
1174,1174,101,379,0,0.06681735985533453,238.0,234,599,257.07780923292466,-1
1175,1175,262,208,0,0.12221217600964435,216.0,234,599,392.0012755081289,-1
1176,1176,112,266,0,0.1275252525252525,137.0,234,599,354.64489281533434,-1
1177,1177,265,286,0,0.030000000000000002,276.0,234,599,314.5313974788527,-1
1178,1178,107,303,0,0.10214285714285713,290.0,234,599,322.09470656935673,-1
1179,1179,371,79,0,0.08333333333333333,312.0,234,599,537.7443630573918,-1
1180,1180,278,360,0,0.0843584656084656,1031.0,234,599,243.0164603478538,-1
1181,1181,282,246,0,0.25994152046783625,401.0,234,599,356.24850876880873,-1
1182,1182,177,287,0,0.0,183.0,234,599,317.16399543453855,-1
1183,1183,208,416,0,0.12222222222222223,106.0,234,599,184.83776670366908,-1
1184,1184,155,223,0,0.025,265.0,234,599,384.20957822521814,-1
1185,1185,88,366,0,0.09371693121693121,620.0,234,599,274.96363395911106,-1
1186,1186,187,318,0,0.0625,195.0,234,599,284.9034924320866,-1
1187,1187,161,221,0,0.10436507936507937,313.0,234,599,384.98441526898205,-1
1188,1188,261,247,0,0.06363636363636363,918.0,234,599,353.0339926975871,-1
1189,1189,161,241,0,0.08518518518518518,832.0,234,599,365.3669388436781,-1
1190,1190,258,174,0,0.05357142857142857,340.0,234,599,425.677107676699,-1
1191,1191,258,255,0,0.29166666666666663,176.0,234,599,344.8361929960369,-1
1192,1192,175,348,0,0.36904761904761907,506.0,234,599,257.8410362994999,-1
1193,1193,146,378,0,0.1008974358974359,323.0,234,599,237.87601812709073,-1
1194,1194,269,230,0,0.11666666666666665,207.0,234,599,370.65617491146696,-1
1195,1195,269,231,0,0.14444444444444446,169.0,234,599,369.66065519608657,-1
1196,1196,204,335,0,0.23253968253968257,469.0,234,599,265.69907790581436,-1
1197,1197,376,370,0,0.25575396825396823,833.0,234,599,269.45314991664134,-1
1198,1198,96,358,0,0.057291666666666664,610.0,234,599,277.71388153997634,-1
1199,1199,233,323,0,0.14484126984126985,154.0,234,599,276.0018115882575,-1
1200,1200,152,213,0,0.0954861111111111,963.0,234,599,394.6137351892354,-1
1201,1201,231,313,0,0.11458333333333333,238.0,234,599,286.01573383294846,-1
1202,1202,230,125,0,0.15094211344211345,917.0,234,599,474.01687733666193,-1
1203,1203,235,106,0,0.041666666666666664,201.0,234,599,493.0010141977398,-1
1204,1204,236,198,0,0.16666666666666666,443.0,234,599,401.00498750015566,-1
1205,1205,138,338,0,0.15833333333333333,799.0,234,599,278.09530740377477,-1
1206,1206,193,328,0,0.25,154.0,234,599,274.08392875176025,-1
1207,1207,111,341,0,0.006666666666666667,128.0,234,599,285.8198733468336,-1
1208,1208,124,327,0,0.0,177.0,234,599,293.40074982862603,-1
1209,1209,60,215,0,0.16944444444444443,372.0,234,599,421.58273209418815,-1
1210,1210,196,177,0,0.11068783068783067,632.0,234,599,423.70744624091753,-1
1211,1211,220,468,0,0.09526315789473686,314.0,234,599,131.7459676802292,-1
1212,1212,271,210,0,0.07380952380952381,555.0,234,599,390.7556781417258,-1
1213,1213,153,405,0,0.17333333333333334,155.0,234,599,210.23082552280482,-1
1214,1214,275,92,0,0.14587902046783624,369.0,234,599,508.65508942701047,-1
1215,1215,203,198,0,0.36818181818181817,252.0,234,599,402.1964694027037,-1
1216,1216,134,424,0,0.15625,189.0,234,599,201.55644370746373,-1
1217,1217,118,357,0,0.06216931216931217,498.0,234,599,268.36542251191753,-1
1218,1218,252,228,0,0.1923469387755102,1073.0,234,599,371.43640101637857,-1
1219,1219,258,245,0,0.5,108.0,234,599,354.81262660734046,-1
1220,1220,108,523,0,0.30065856129685914,467.0,234,599,147.14618581533128,-1
1221,1221,188,168,0,0.08333333333333333,697.0,234,599,433.44780539299074,-1
1222,1222,276,232,0,0.125,145.0,234,599,369.3954520564648,-1
1223,1223,16,461,0,0.1904761904761905,440.0,234,599,258.00775182152955,-1
1224,1224,107,386,0,0.1343915343915344,424.0,234,599,247.98790293076797,-1
1225,1225,264,246,0,0.2,213.0,234,599,354.2724939929715,-1
1226,1226,237,62,0,0.075,418.0,234,599,537.0083798228851,-1
1227,1227,262,278,0,0.1545138888888889,628.0,234,599,322.21886971436044,-1
1228,1228,114,258,0,0.1075,675.0,234,599,361.4982710885351,-1
1229,1229,173,137,0,0.0,71.0,234,599,466.00965655230794,-1
1230,1230,184,348,0,0.2915151515151515,135.0,234,599,255.93163149560078,-1
1231,1231,192,272,0,0.1435185185185185,561.0,234,599,329.6862144524699,-1
1232,1232,263,453,0,0.10606060606060605,311.0,234,599,148.85227576359054,-1
1233,1233,264,147,0,0.0625,293.0,234,599,452.994481202586,-1
1234,1234,185,437,0,0.1,49.0,234,599,169.24833824885843,-1
1235,1235,191,257,0,0.037037037037037035,275.0,234,599,344.6926166891307,-1
1236,1236,224,450,0,0.10119047619047618,364.0,234,599,149.33519344079613,-1
1237,1237,294,428,0,0.0744019138755981,376.0,234,599,181.22085972646747,-1
1238,1238,202,233,0,0.1527777777777778,342.0,234,599,367.39624385668395,-1
1239,1239,174,287,0,0.1654179154179154,1017.0,234,599,317.7168550769694,-1
1240,1240,217,228,0,0.024242424242424246,709.0,234,599,371.38928363645607,-1
1241,1241,111,378,0,0.11515151515151516,422.0,234,599,252.9229131573492,-1
1242,1242,251,229,0,0.0,80.0,234,599,370.3903346471125,-1
1243,1243,166,245,0,0.21536796536796532,617.0,234,599,360.4719129141687,-1
1244,1244,167,406,0,0.07514880952380952,297.0,234,599,204.29880077964236,-1
1245,1245,138,331,0,0.22474747474747472,550.0,234,599,284.67525357852935,-1
1246,1246,109,273,0,0.09158549783549783,731.0,234,599,349.14323708186015,-1
1247,1247,161,291,0,0.1808390022675737,944.0,234,599,316.53277871335854,-1
1248,1248,127,152,0,0.1,193.0,234,599,459.6281105415551,-1
1249,1249,157,157,0,0.07777777777777778,266.0,234,599,448.6568844896955,-1
